0.0,0.0,0.07257999999999995,0.27816639002027665,0.0,0.0,1.1580666666666657,0.0,0.0,0.0,-0.3065800000000002,0.9302627129115492,0.07257999999999995,0.27816639002027665,0.09373333333333332,0.35082479358532137,1.1580666666666657,0.0,1.686366666666666,0.0,-0.3065800000000002,0.9302627129115492,-1.6257533333333338,0.2594233133812844,0.09373333333333332,0.35082479358532137,-0.10695333333333326,0.3787542692370929,1.686366666666666,0.0,1.8969066666666659,0.0,-1.6257533333333338,0.2594233133812844,-3.5582533333333366,0.0,-0.10695333333333326,0.3787542692370929,-0.16307333333333318,0.411365986017198,1.8969066666666659,0.0,2.5241466666666654,0.0,-3.5582533333333366,0.0,-4.758100000000001,0.0,-0.16307333333333318,0.411365986017198,-0.26943333333333314,0.35950682880198154,2.5241466666666654,0.0,2.5344266666666653,0.0,-4.758100000000001,0.0,-6.709120000000002,0.0,1.0
0.0,0.0,-0.12129333333333338,0.17083158418922298,0.0,0.0,0.3129733333333329,0.6822735182069827,0.0,0.0,-1.3166466666666694,0.0,-0.12129333333333338,0.17083158418922298,-0.1707533333333331,0.2713229566418863,0.3129733333333329,0.6822735182069827,0.8735799999999991,0.7033409750001041,-1.3166466666666694,0.0,-2.4887733333333366,0.0,-0.1707533333333331,0.2713229566418863,-0.3887066666666666,0.0,0.8735799999999991,0.7033409750001041,1.107406666666666,0.23694668776154282,-2.4887733333333366,0.0,-4.409806666666672,0.0,-0.3887066666666666,0.0,-0.43573999999999996,0.15558909185208236,1.107406666666666,0.23694668776154282,1.725473333333332,0.0,-4.409806666666672,0.0,-5.617940000000008,0.0,-0.43573999999999996,0.15558909185208236,-0.7045800000000007,0.0,1.725473333333332,0.0,1.9312333333333322,0.0,-5.617940000000008,0.0,-7.545066666666672,0.0,2.0
0.0,0.0,-0.35802666666666666,0.12507194958385665,0.0,0.0,-0.3015066666666667,0.9760988215089869,0.0,0.0,1.5066399999999975,0.0,-0.35802666666666666,0.12507194958385665,-0.7174533333333337,0.0,-0.3015066666666667,0.9760988215089869,-0.5134399999999996,1.198604549258578,1.5066399999999975,0.0,3.149679999999998,0.0,-0.7174533333333337,0.0,-1.409493333333334,0.0,-0.5134399999999996,1.198604549258578,-1.2134333333333325,0.8008731176405474,3.149679999999998,0.0,5.0123599999999975,0.0,-1.409493333333334,0.0,-1.8636866666666674,0.0,-1.2134333333333325,0.8008731176405474,-1.4220466666666658,0.8615554089203014,5.0123599999999975,0.0,6.593233333333328,0.0,-1.8636866666666674,0.0,-2.421140000000001,0.0,-1.4220466666666658,0.8615554089203014,-2.059726666666664,0.0,6.593233333333328,0.0,8.542533333333328,0.0,3.0
0.0,0.0,1.4167866666666669,0.0,0.0,0.0,0.04455999999999933,0.6050112814966796,0.0,0.0,0.5194133333333336,0.2330000485833014,1.4167866666666669,0.0,2.8385800000000017,0.0,0.04455999999999933,0.6050112814966796,0.06559333333333221,0.8714205797437276,0.5194133333333336,0.2330000485833014,1.184826666666667,0.0,2.8385800000000017,0.0,4.666586666666668,0.0,0.06559333333333221,0.8714205797437276,-0.3060200000000012,0.8805819801463052,1.184826666666667,0.0,1.4370600000000002,0.0,4.666586666666668,0.0,6.105126666666669,0.0,-0.3060200000000012,0.8805819801463052,-0.1516333333333345,1.1432113159759183,1.4370600000000002,0.0,1.8399733333333324,0.0,6.105126666666669,0.0,8.01042666666667,0.0,-0.1516333333333345,1.1432113159759183,-0.26168666666666784,1.1259214519354408,1.8399733333333324,0.0,1.890619999999999,0.0,4.0
0.0,0.0,-0.33384000000000036,0.0,0.0,0.0,0.01919999999999997,0.8018459240440409,0.0,0.0,1.6070266666666677,0.0,-0.33384000000000036,0.0,-0.709213333333334,0.0,0.01919999999999997,0.8018459240440409,-0.009480000000000311,1.1148717669060857,1.6070266666666677,0.0,3.243153333333336,0.0,-0.709213333333334,0.0,-1.2258600000000017,0.0,-0.009480000000000311,1.1148717669060857,-0.7585800000000004,0.9851478495654129,3.243153333333336,0.0,5.145460000000003,0.0,-1.2258600000000017,0.0,-1.611160000000002,0.0,-0.7585800000000004,0.9851478495654129,-0.9035466666666672,1.1683311196703432,5.145460000000003,0.0,6.761393333333338,0.0,-1.611160000000002,0.0,-2.10726666666667,0.0,-0.9035466666666672,1.1683311196703432,-1.5027933333333348,0.3083144323851873,6.761393333333338,0.0,8.735533333333338,0.0,5.0
0.0,0.0,0.19240666666666673,0.18159103312378067,0.0,0.0,1.7825933333333324,0.0,0.0,0.0,0.7927466666666668,0.0,0.19240666666666673,0.18159103312378067,0.4041533333333335,0.0,1.7825933333333324,0.0,3.5789600000000004,0.0,0.7927466666666668,0.0,1.6015533333333334,0.0,0.4041533333333335,0.0,0.6048666666666669,0.0,3.5789600000000004,0.0,5.363620000000002,0.0,1.6015533333333334,0.0,2.385866666666667,0.0,0.6048666666666669,0.0,0.8306200000000002,0.0,5.363620000000002,0.0,7.143720000000003,0.0,2.385866666666667,0.0,3.18914,0.0,0.8306200000000002,0.0,1.039946666666667,0.0,7.143720000000003,0.0,8.889680000000002,0.0,3.18914,0.0,4.052639999999999,0.0,6.0
0.0,0.0,0.19666666666666652,0.16268612125567777,0.0,0.0,1.752226666666666,0.0,0.0,0.0,0.8453733333333343,0.0,0.19666666666666652,0.16268612125567777,0.38099333333333313,0.0,1.752226666666666,0.0,3.500293333333333,0.0,0.8453733333333343,0.0,1.6859200000000005,0.0,0.38099333333333313,0.0,0.57114,0.0,3.500293333333333,0.0,5.261800000000002,0.0,1.6859200000000005,0.0,2.5427133333333334,0.0,0.57114,0.0,0.7712066666666666,0.0,5.261800000000002,0.0,7.020726666666669,0.0,2.5427133333333334,0.0,3.372093333333333,0.0,0.7712066666666666,0.0,0.9555666666666663,0.0,7.020726666666669,0.0,8.78330666666667,0.0,3.372093333333333,0.0,4.214406666666666,0.0,6.0
0.0,0.0,0.16537333333333315,0.0,0.0,0.0,1.822333333333332,0.0,0.0,0.0,0.6937933333333322,0.0,0.16537333333333315,0.0,0.3322866666666663,0.0,1.822333333333332,0.0,3.6424266666666645,0.0,0.6937933333333322,0.0,1.394199999999998,0.0,0.3322866666666663,0.0,0.505313333333333,0.0,3.6424266666666645,0.0,5.462319999999998,0.0,1.394199999999998,0.0,2.089706666666664,0.0,0.505313333333333,0.0,0.6926199999999997,0.0,5.462319999999998,0.0,7.27816,0.0,2.089706666666664,0.0,2.7954066666666626,0.0,0.6926199999999997,0.0,0.8602399999999997,0.0,7.27816,0.0,9.104039999999998,0.0,2.7954066666666626,0.0,3.4778333333333284,0.0,7.0
0.0,0.0,0.1587333333333333,0.0,0.0,0.0,1.8266799999999994,0.0,0.0,0.0,0.6807266666666657,0.0,0.1587333333333333,0.0,0.32909333333333346,0.0,1.8266799999999994,0.0,3.6423399999999977,0.0,0.6807266666666657,0.0,1.3930266666666644,0.0,0.32909333333333346,0.0,0.46049333333333353,0.0,3.6423399999999977,0.0,5.471466666666665,0.0,1.3930266666666644,0.0,2.0763333333333294,0.0,0.46049333333333353,0.0,0.605726666666667,0.0,5.471466666666665,0.0,7.302513333333332,0.0,2.0763333333333294,0.0,2.746386666666662,0.0,0.605726666666667,0.0,0.7439866666666669,0.0,7.302513333333332,0.0,9.13246,0.0,2.746386666666662,0.0,3.4260866666666607,0.0,7.0
0.0,0.0,-0.4103733333333331,0.0,0.0,0.0,0.4968799999999997,0.0,0.0,0.0,1.9869666666666688,0.0,-0.4103733333333331,0.0,-0.8070600000000002,0.0,0.4968799999999997,0.0,1.017813333333334,0.0,1.9869666666666688,0.0,3.971713333333338,0.0,-0.8070600000000002,0.0,-1.2066066666666673,0.0,1.017813333333334,0.0,1.5454266666666678,0.0,3.971713333333338,0.0,5.95388000000001,0.0,-1.2066066666666673,0.0,-1.6065400000000003,0.0,1.5454266666666678,0.0,2.0684466666666674,0.0,5.95388000000001,0.0,7.936766666666678,0.0,-1.6065400000000003,0.0,-1.972793333333334,0.0,2.0684466666666674,0.0,2.6909666666666654,0.0,7.936766666666678,0.0,9.893173333333348,0.0,8.0
0.0,0.0,-0.388693333333334,0.0,0.0,0.0,0.6087200000000001,0.0,0.0,0.0,1.9571400000000048,0.0,-0.388693333333334,0.0,-0.8068533333333342,0.0,0.6087200000000001,0.0,1.103153333333333,0.0,1.9571400000000048,0.0,3.946933333333339,0.0,-0.8068533333333342,0.0,-1.2250133333333348,0.0,1.103153333333333,0.0,1.596433333333333,0.0,3.946933333333339,0.0,5.937146666666668,0.0,-1.2250133333333348,0.0,-1.6443600000000023,0.0,1.596433333333333,0.0,2.0785333333333322,0.0,5.937146666666668,0.0,7.929666666666669,0.0,-1.6443600000000023,0.0,-2.0619266666666696,0.0,2.0785333333333322,0.0,2.576559999999999,0.0,7.929666666666669,0.0,9.918946666666669,0.0,8.0
0.0,0.0,0.08415333333333344,0.0,0.0,0.0,1.8158866666666624,0.0,0.0,0.0,0.7872800000000028,0.0,0.08415333333333344,0.0,0.17367333333333354,0.0,1.8158866666666624,0.0,3.6058666666666634,0.0,0.7872800000000028,0.0,1.6159933333333372,0.0,0.17367333333333354,0.0,0.23904666666666693,0.0,3.6058666666666634,0.0,5.357499999999998,0.0,1.6159933333333372,0.0,2.5274866666666704,0.0,0.23904666666666693,0.0,0.3887533333333336,0.0,5.357499999999998,0.0,7.143653333333333,0.0,2.5274866666666704,0.0,3.234500000000005,0.0,0.3887533333333336,0.0,0.45881333333333374,0.0,7.143653333333333,0.0,8.913499999999999,0.0,3.234500000000005,0.0,4.101560000000009,0.0,9.0
0.0,0.0,0.07543333333333344,0.15851620782486797,0.0,0.0,1.9055533333333317,1.078575088702074,0.0,0.0,0.3581999999999995,0.640567386916637,0.07543333333333344,0.15851620782486797,0.14626666666666685,0.18973279220651004,1.9055533333333317,1.078575088702074,3.907946666666663,0.0,0.3581999999999995,0.640567386916637,0.7960533333333331,0.7659491614603642,0.14626666666666685,0.18973279220651004,0.2175333333333335,0.20095582561317968,3.907946666666663,0.0,5.912419999999998,0.0,0.7960533333333331,0.7659491614603642,1.2016533333333332,0.7642733530683192,0.2175333333333335,0.20095582561317968,0.3323266666666669,0.11796925413725437,5.912419999999998,0.0,8.055326666666664,0.0,1.2016533333333332,0.7642733530683192,1.7261466666666665,0.055005843090080477,0.3323266666666669,0.11796925413725437,0.4329733333333336,0.0,8.055326666666664,0.0,10.153426666666665,0.0,1.7261466666666665,0.055005843090080477,2.20388,0.0,10.0
0.0,0.0,-0.3885266666666669,0.0,0.0,0.0,-0.8008333333333342,0.0,0.0,0.0,1.9311866666666675,0.0,-0.3885266666666669,0.0,-0.7815066666666669,0.0,-0.8008333333333342,0.0,-1.5667800000000012,0.0,1.9311866666666675,0.0,3.8732266666666693,0.0,-0.7815066666666669,0.0,-1.1863866666666674,0.0,-1.5667800000000012,0.0,-2.332013333333335,0.0,3.8732266666666693,0.0,5.815540000000001,0.0,-1.1863866666666674,0.0,-1.6049666666666678,0.0,-2.332013333333335,0.0,-3.115020000000002,0.0,5.815540000000001,0.0,7.748333333333337,0.0,-1.6049666666666678,0.0,-2.0302133333333345,0.0,-3.115020000000002,0.0,-3.917353333333337,0.0,7.748333333333337,0.0,9.672753333333334,0.0,11.0
0.0,0.0,-0.41552000000000044,0.0,0.0,0.0,-0.7977133333333343,0.0,0.0,0.0,1.9266066666666677,0.0,-0.41552000000000044,0.0,-0.8448333333333341,0.0,-0.7977133333333343,0.0,-1.6199200000000027,0.0,1.9266066666666677,0.0,3.841893333333334,0.0,-0.8448333333333341,0.0,-1.2715933333333342,0.0,-1.6199200000000027,0.0,-2.4273733333333385,0.0,3.841893333333334,0.0,5.763326666666669,0.0,-1.2715933333333342,0.0,-1.701993333333334,0.0,-2.4273733333333385,0.0,-3.246860000000007,0.0,5.763326666666669,0.0,7.679473333333335,0.0,-1.701993333333334,0.0,-2.1337866666666683,0.0,-3.246860000000007,0.0,-4.065780000000008,0.0,7.679473333333335,0.0,9.595720000000002,0.0,11.0
0.0,0.0,0.2770266666666665,0.31223465935990036,0.0,0.0,-0.5345466666666674,0.31783929894721424,0.0,0.0,-1.4849933333333354,0.0,0.2770266666666665,0.31223465935990036,0.5758199999999998,0.18627302145906716,-0.5345466666666674,0.31783929894721424,-1.0757533333333347,0.0,-1.4849933333333354,0.0,-2.9167999999999985,0.0,0.5758199999999998,0.18627302145906716,0.4777799999999999,0.3912908403540343,-1.0757533333333347,0.0,-1.1601533333333347,0.0,-2.9167999999999985,0.0,-4.906813333333332,0.0,0.4777799999999999,0.3912908403540343,0.8043933333333335,0.0,-1.1601533333333347,0.0,-1.701246666666668,0.0,-4.906813333333332,0.0,-6.373480000000001,0.0,0.8043933333333335,0.0,0.5990266666666664,0.5381682323065727,-1.701246666666668,0.0,-1.7090333333333345,0.0,-6.373480000000001,0.0,-8.313273333333333,0.0,1.0
0.0,0.0,0.09083999999999955,0.7706942140327927,0.0,0.0,-0.4921733333333349,0.5652557625858105,0.0,0.0,-1.2334266666666645,0.0,0.09083999999999955,0.7706942140327927,-0.08368000000000107,1.0665818722448552,-0.4921733333333349,0.5652557625858105,-0.7677533333333351,0.5975353510832502,-1.2334266666666645,0.0,-2.5386266666666653,0.0,-0.08368000000000107,1.0665818722448552,-0.3559800000000006,1.0692059932366411,-0.7677533333333351,0.5975353510832502,-0.7898666666666686,0.6193787065301061,-2.5386266666666653,0.0,-4.433919999999995,0.0,-0.3559800000000006,1.0692059932366411,-0.14324000000000017,1.323747267388855,-0.7898666666666686,0.6193787065301061,-1.2901333333333356,0.0,-4.433919999999995,0.0,-5.751133333333329,0.0,-0.14324000000000017,1.323747267388855,-0.543633333333334,1.247575454896397,-1.2901333333333356,0.0,-1.2431400000000021,0.0,-5.751133333333329,0.0,-7.667793333333328,0.0,2.0
0.0,0.0,0.20366666666666652,0.7840383299994187,0.0,0.0,-0.46005333333333376,0.5224880691186778,0.0,0.0,1.442406666666666,0.0,0.20366666666666652,0.7840383299994187,0.48591333333333286,0.8573493483931489,-0.46005333333333376,0.5224880691186778,-1.0873800000000005,0.0,1.442406666666666,0.0,2.7030799999999995,0.0,0.48591333333333286,0.8573493483931489,0.33643333333333303,1.0672141392502539,-1.0873800000000005,0.0,-1.4127866666666666,0.0,2.7030799999999995,0.0,4.62322,0.0,0.33643333333333303,1.0672141392502539,0.6568666666666659,1.16759879605362,-1.4127866666666666,0.0,-1.950306666666667,0.0,4.62322,0.0,5.995153333333333,0.0,0.6568666666666659,1.16759879605362,0.6019333333333327,1.1980553071605924,-1.950306666666667,0.0,-2.025573333333334,0.0,5.995153333333333,0.0,8.09271333333333,0.0,3.0
0.0,0.0,-0.7540266666666661,0.7317131222301875,0.0,0.0,-1.3482066666666663,0.0,0.0,0.0,-0.27011999999999964,0.12317188949762972,-0.7540266666666661,0.7317131222301875,-1.2249600000000016,0.7757542065585507,-1.3482066666666663,0.0,-2.7288466666666666,0.0,-0.27011999999999964,0.12317188949762972,-0.572659999999999,0.0,-1.2249600000000016,0.7757542065585507,-2.710226666666666,0.0,-2.7288466666666666,0.0,-4.086493333333334,0.0,-0.572659999999999,0.0,-0.6669599999999989,0.0,-2.710226666666666,0.0,-3.0679066666666657,0.0,-4.086493333333334,0.0,-5.32776,0.0,-0.6669599999999989,0.0,-0.2339733333333323,0.8125148791341102,-3.0679066666666657,0.0,-4.430786666666668,0.0,-5.32776,0.0,-6.535739999999999,0.0,-0.2339733333333323,0.8125148791341102,0.8781600000000018,0.7507975364045462,4.0
0.0,0.0,0.2538666666666663,0.6614312087041823,0.0,0.0,-0.6012733333333325,0.34862227201637785,0.0,0.0,1.2838666666666654,0.0,0.2538666666666663,0.6614312087041823,0.40818666666666636,0.8042415025674207,-0.6012733333333325,0.34862227201637785,-1.1020199999999993,0.0,1.2838666666666654,0.0,2.8112466666666673,0.0,0.40818666666666636,0.8042415025674207,0.3105399999999999,0.8833228724803747,-1.1020199999999993,0.0,-1.237686666666666,0.0,2.8112466666666673,0.0,4.8951066666666625,0.0,0.3105399999999999,0.8833228724803747,0.70324,0.8017583166947894,-1.237686666666666,0.0,-1.984700000000001,0.0,4.8951066666666625,0.0,5.968926666666662,0.0,0.70324,0.8017583166947894,0.7566466666666666,0.7522328921165993,-1.984700000000001,0.0,-2.609206666666671,0.0,5.968926666666662,0.0,7.9776266666666595,0.0,5.0
0.0,0.0,1.163166666666666,0.0,0.0,0.0,-1.4603400000000004,0.0,0.0,0.0,-0.5646666666666669,0.0,1.163166666666666,0.0,2.326379999999999,0.0,-1.4603400000000004,0.0,-2.928080000000001,0.0,-0.5646666666666669,0.0,-1.1138333333333337,0.0,2.326379999999999,0.0,3.4997933333333315,0.0,-2.928080000000001,0.0,-4.41074,0.0,-1.1138333333333337,0.0,-1.627093333333334,0.0,3.4997933333333315,0.0,4.657419999999999,0.0,-4.41074,0.0,-5.889806666666665,0.0,-1.627093333333334,0.0,-2.1812400000000003,0.0,4.657419999999999,0.0,5.814073333333332,0.0,-5.889806666666665,0.0,-7.381379999999999,0.0,-2.1812400000000003,0.0,-2.66708,0.0,6.0
0.0,0.0,1.155446666666668,0.0,0.0,0.0,-1.4970066666666655,0.0,0.0,0.0,-0.4583466666666672,0.0,1.155446666666668,0.0,2.304986666666667,0.0,-1.4970066666666655,0.0,-3.004399999999999,0.0,-0.4583466666666672,0.0,-0.9625999999999999,0.0,2.304986666666667,0.0,3.4618266666666666,0.0,-3.004399999999999,0.0,-4.503526666666665,0.0,-0.9625999999999999,0.0,-1.440826666666667,0.0,3.4618266666666666,0.0,4.622919999999999,0.0,-4.503526666666665,0.0,-6.010999999999999,0.0,-1.440826666666667,0.0,-1.9058666666666666,0.0,4.622919999999999,0.0,5.766753333333333,0.0,-6.010999999999999,0.0,-7.526646666666667,0.0,-1.9058666666666666,0.0,-2.35246,0.0,6.0
0.0,0.0,1.1641333333333321,0.0,0.0,0.0,-1.5305999999999989,0.0,0.0,0.0,-0.3901666666666671,0.0,1.1641333333333321,0.0,2.348886666666665,0.0,-1.5305999999999989,0.0,-3.0633866666666645,0.0,-0.3901666666666671,0.0,-0.7129600000000001,0.0,2.348886666666665,0.0,3.557626666666666,0.0,-3.0633866666666645,0.0,-4.582113333333329,0.0,-0.7129600000000001,0.0,-1.0091200000000002,0.0,3.557626666666666,0.0,4.75944,0.0,-4.582113333333329,0.0,-6.094819999999993,0.0,-1.0091200000000002,0.0,-1.354266666666667,0.0,4.75944,0.0,5.9499266666666655,0.0,-6.094819999999993,0.0,-7.610306666666661,0.0,-1.354266666666667,0.0,-1.7159466666666674,0.0,7.0
0.0,0.0,1.204806666666667,0.0,0.0,0.0,-1.515073333333333,0.0,0.0,0.0,-0.32363333333333294,0.0,1.204806666666667,0.0,2.370620000000001,0.0,-1.515073333333333,0.0,-3.0712133333333327,0.0,-0.32363333333333294,0.0,-0.6087066666666668,0.0,2.370620000000001,0.0,3.560100000000002,0.0,-3.0712133333333327,0.0,-4.577713333333333,0.0,-0.6087066666666668,0.0,-1.003546666666667,0.0,3.560100000000002,0.0,4.756493333333334,0.0,-4.577713333333333,0.0,-6.0769199999999985,0.0,-1.003546666666667,0.0,-1.41562,0.0,4.756493333333334,0.0,5.91408,0.0,-6.0769199999999985,0.0,-7.629253333333331,0.0,-1.41562,0.0,-1.72282,0.0,7.0
0.0,0.0,1.081100000000001,0.0,0.0,0.0,-1.584313333333331,0.0,0.0,0.0,0.5709466666666666,0.0,1.081100000000001,0.0,2.170513333333335,0.0,-1.584313333333331,0.0,-3.1676733333333353,0.0,0.5709466666666666,0.0,1.1234600000000012,0.0,2.170513333333335,0.0,3.2486733333333353,0.0,-3.1676733333333353,0.0,-4.75776666666667,0.0,1.1234600000000012,0.0,1.681513333333335,0.0,3.2486733333333353,0.0,4.331620000000003,0.0,-4.75776666666667,0.0,-6.348400000000003,0.0,1.681513333333335,0.0,2.2246466666666684,0.0,4.331620000000003,0.0,5.43532666666667,0.0,-6.348400000000003,0.0,-7.927173333333337,0.0,2.2246466666666684,0.0,2.696380000000002,0.0,8.0
0.0,0.0,1.1743400000000002,0.0,0.0,0.0,-1.4459600000000015,0.0,0.0,0.0,0.7404199999999989,0.0,1.1743400000000002,0.0,2.3794000000000013,0.0,-1.4459600000000015,0.0,-2.9123533333333347,0.0,0.7404199999999989,0.0,1.377519999999999,0.0,2.3794000000000013,0.0,3.5984400000000005,0.0,-2.9123533333333347,0.0,-4.387086666666669,0.0,1.377519999999999,0.0,1.9599599999999997,0.0,3.5984400000000005,0.0,4.785639999999999,0.0,-4.387086666666669,0.0,-5.872300000000004,0.0,1.9599599999999997,0.0,2.587299999999999,0.0,4.785639999999999,0.0,5.992866666666666,0.0,-5.872300000000004,0.0,-7.3539000000000065,0.0,2.587299999999999,0.0,3.185046666666667,0.0,8.0
0.0,0.0,1.0046333333333337,0.0,0.0,0.0,-1.4479066666666653,0.0,0.0,0.0,-0.7212733333333342,0.0,1.0046333333333337,0.0,2.0739933333333345,0.0,-1.4479066666666653,0.0,-2.9452999999999983,0.0,-0.7212733333333342,0.0,-1.3590133333333334,0.0,2.0739933333333345,0.0,3.1276533333333374,0.0,-2.9452999999999983,0.0,-4.41929333333333,0.0,-1.3590133333333334,0.0,-1.9913399999999986,0.0,3.1276533333333374,0.0,4.149673333333337,0.0,-4.41929333333333,0.0,-5.914433333333334,0.0,-1.9913399999999986,0.0,-2.6694266666666664,0.0,4.149673333333337,0.0,5.288560000000002,0.0,-5.914433333333334,0.0,-7.4070599999999995,0.0,-2.6694266666666664,0.0,-3.2114133333333323,0.0,9.0
0.0,0.0,1.1851666666666663,0.7449005916891742,0.0,0.0,-1.431899999999999,0.39990750188902136,0.0,0.0,-0.4887199999999999,0.0,1.1851666666666663,0.7449005916891742,2.370779999999998,0.0,-1.431899999999999,0.39990750188902136,-2.8623066666666674,0.0,-0.4887199999999999,0.0,-0.9787799999999997,0.0,2.370779999999998,0.0,3.640646666666665,0.0,-2.8623066666666674,0.0,-4.397546666666667,0.0,-0.9787799999999997,0.0,-1.6088999999999998,0.0,3.640646666666665,0.0,4.755513333333332,0.0,-4.397546666666667,0.0,-5.772566666666665,0.0,-1.6088999999999998,0.0,-2.10694,0.0,4.755513333333332,0.0,5.922619999999998,0.0,-5.772566666666665,0.0,-7.215479999999998,0.0,-2.10694,0.0,-2.619759999999999,0.0,10.0
0.0,0.0,-0.25771333333333324,0.0,0.0,0.0,-0.2946600000000005,0.0,0.0,0.0,2.0752066666666646,0.0,-0.25771333333333324,0.0,-0.5216133333333335,0.0,-0.2946600000000005,0.0,-0.5976800000000003,0.0,2.0752066666666646,0.0,4.148499999999998,0.0,-0.5216133333333335,0.0,-0.8287400000000005,0.0,-0.5976800000000003,0.0,-0.8634266666666673,0.0,4.148499999999998,0.0,6.2201200000000005,0.0,-0.8287400000000005,0.0,-1.13216,0.0,-0.8634266666666673,0.0,-1.1280400000000006,0.0,6.2201200000000005,0.0,8.292773333333333,0.0,-1.13216,0.0,-1.4462666666666664,0.0,-1.1280400000000006,0.0,-1.3860600000000007,0.0,8.292773333333333,0.0,10.367613333333333,0.0,11.0
0.0,0.0,-0.31291999999999937,0.0,0.0,0.0,-0.2507399999999999,0.0,0.0,0.0,2.073299999999999,0.0,-0.31291999999999937,0.0,-0.6230999999999992,0.0,-0.2507399999999999,0.0,-0.4634800000000002,0.0,2.073299999999999,0.0,4.150893333333331,0.0,-0.6230999999999992,0.0,-0.927973333333333,0.0,-0.4634800000000002,0.0,-0.6799933333333339,0.0,4.150893333333331,0.0,6.228833333333332,0.0,-0.927973333333333,0.0,-1.2146066666666664,0.0,-0.6799933333333339,0.0,-0.9585200000000005,0.0,6.228833333333332,0.0,8.29534,0.0,-1.2146066666666664,0.0,-1.9356933333333337,0.0,-0.9585200000000005,0.0,-1.6035333333333346,0.0,8.29534,0.0,10.11668,0.0,11.0
0.0,0.0,-0.07083333333333433,1.0353976664743318,0.0,0.0,0.43245333333333263,0.35637691356065176,0.0,0.0,-1.3789733333333327,0.0,-0.07083333333333433,1.0353976664743318,-0.02841333333333393,1.22268167800416,0.43245333333333263,0.35637691356065176,0.8167466666666663,0.0,-1.3789733333333327,0.0,-2.7146400000000015,0.0,-0.02841333333333393,1.22268167800416,-0.6388000000000005,1.1977756621808404,0.8167466666666663,0.0,0.7934666666666663,0.0,-2.7146400000000015,0.0,-4.665746666666672,0.0,-0.6388000000000005,1.1977756621808404,-0.6127600000000007,1.4008882210173779,0.7934666666666663,0.0,1.2377933333333329,0.0,-4.665746666666672,0.0,-6.063753333333339,0.0,-0.6127600000000007,1.4008882210173779,-1.1077800000000002,1.108561289457295,1.2377933333333329,0.0,1.2643599999999995,0.0,-6.063753333333339,0.0,-7.97060000000001,0.0,1.0
0.0,0.0,-0.8202533333333336,0.8641140335096286,0.0,0.0,0.6938200000000001,0.20077985774267568,0.0,0.0,-0.5198199999999996,0.34448005893913936,-0.8202533333333336,0.8641140335096286,-1.6768599999999982,0.41167399348606254,0.6938200000000001,0.20077985774267568,1.2596799999999997,0.0,-0.5198199999999996,0.34448005893913936,-1.0078466666666666,0.0,-1.6768599999999982,0.41167399348606254,-3.0648866666666676,0.0,1.2596799999999997,0.0,1.702413333333333,0.0,-1.0078466666666666,0.0,0.39584000000000286,1.2466334804708545,-3.0648866666666676,0.0,-3.6871466666666666,0.0,1.702413333333333,0.0,2.353519999999999,0.0,0.39584000000000286,1.2466334804708545,0.2938466666666699,1.573751281853797,-3.6871466666666666,0.0,-5.36877333333333,0.0,2.353519999999999,0.0,2.494299999999999,0.0,0.2938466666666699,1.573751281853797,-0.8573333333333292,1.5789304240897835,2.0
0.0,0.0,0.8900000000000008,0.0,0.0,0.0,0.02712666666666672,0.6792573154750696,0.0,0.0,1.1057000000000008,0.0,0.8900000000000008,0.0,1.842653333333335,0.0,0.02712666666666672,0.6792573154750696,-0.11478666666666602,1.065759939895218,1.1057000000000008,0.0,2.387326666666666,0.0,1.842653333333335,0.0,2.629913333333333,0.0,-0.11478666666666602,1.065759939895218,-0.5652866666666658,0.990781335878774,2.387326666666666,0.0,4.249119999999998,0.0,2.629913333333333,0.0,3.641126666666665,0.0,-0.5652866666666658,0.990781335878774,-0.46138666666666656,1.1920535312214549,4.249119999999998,0.0,5.3873333333333315,0.0,3.641126666666665,0.0,4.423653333333332,0.0,-0.46138666666666656,1.1920535312214549,-0.5884533333333334,1.137968704743409,5.3873333333333315,0.0,7.284733333333331,0.0,3.0
0.0,0.0,0.39328000000000085,0.4608923372949263,0.0,0.0,-0.6667733333333336,0.6729410372035374,0.0,0.0,-1.135573333333336,0.0,0.39328000000000085,0.4608923372949263,0.8827600000000004,0.3163236529613583,-0.6667733333333336,0.6729410372035374,-1.3772733333333342,0.0,-1.135573333333336,0.0,-2.191646666666669,0.0,0.8827600000000004,0.3163236529613583,1.2613333333333347,0.0,-1.3772733333333342,0.0,-2.781680000000003,0.0,-2.191646666666669,0.0,-3.52846666666667,0.0,1.2613333333333347,0.0,1.806360000000002,0.0,-2.781680000000003,0.0,-3.377853333333337,0.0,-3.52846666666667,0.0,-4.591013333333336,0.0,1.806360000000002,0.0,1.812000000000002,0.0,-3.377853333333337,0.0,-4.528113333333335,0.0,-4.591013333333336,0.0,-6.207833333333332,0.0,4.0
0.0,0.0,0.9017266666666657,0.0,0.0,0.0,0.0970133333333341,0.6136091271280557,0.0,0.0,0.884946666666666,0.6175078380250496,0.9017266666666657,0.0,1.7654666666666647,0.0,0.0970133333333341,0.6136091271280557,0.3270800000000004,0.7906222043853269,0.884946666666666,0.6175078380250496,1.9342399999999975,0.0,1.7654666666666647,0.0,2.6840999999999964,0.0,0.3270800000000004,0.7906222043853269,-0.32375999999999955,0.9749797841993015,1.9342399999999975,0.0,3.5257999999999994,0.0,2.6840999999999964,0.0,3.678039999999996,0.0,-0.32375999999999955,0.9749797841993015,-0.3903399999999993,1.1735336235078042,3.5257999999999994,0.0,4.3047066666666645,0.0,3.678039999999996,0.0,4.853533333333333,0.0,-0.3903399999999993,1.1735336235078042,-1.155673333333334,0.6945126483709297,4.3047066666666645,0.0,5.763906666666665,0.0,5.0
0.0,0.0,1.3926800000000001,0.0,0.0,0.0,1.2381333333333342,0.0,0.0,0.0,-0.2033266666666667,0.12687315954517467,1.3926800000000001,0.0,2.769953333333333,0.0,1.2381333333333342,0.0,2.492680000000001,0.0,-0.2033266666666667,0.12687315954517467,-0.43888000000000005,0.0,2.769953333333333,0.0,4.1337199999999985,0.0,2.492680000000001,0.0,3.7558200000000017,0.0,-0.43888000000000005,0.0,-0.6400333333333333,0.0,4.1337199999999985,0.0,5.516173333333331,0.0,3.7558200000000017,0.0,5.016953333333336,0.0,-0.6400333333333333,0.0,-0.8306333333333333,0.0,5.516173333333331,0.0,6.915039999999999,0.0,5.016953333333336,0.0,6.263813333333336,0.0,-0.8306333333333333,0.0,-1.0062533333333334,0.0,6.0
0.0,0.0,1.3682866666666673,0.0,0.0,0.0,1.2706399999999995,0.0,0.0,0.0,-0.1604466666666666,0.11712452712641429,1.3682866666666673,0.0,2.7365600000000025,0.0,1.2706399999999995,0.0,2.5266733333333335,0.0,-0.1604466666666666,0.11712452712641429,-0.34104666666666666,0.0,2.7365600000000025,0.0,4.118793333333336,0.0,2.5266733333333335,0.0,3.8029999999999986,0.0,-0.34104666666666666,0.0,-0.5652666666666666,0.0,4.118793333333336,0.0,5.45600666666667,0.0,3.8029999999999986,0.0,5.0935333333333315,0.0,-0.5652666666666666,0.0,-0.7985466666666668,0.0,5.45600666666667,0.0,6.821860000000002,0.0,5.0935333333333315,0.0,6.355879999999999,0.0,-0.7985466666666668,0.0,-0.9852600000000001,0.0,6.0
0.0,0.0,1.3525933333333358,0.0,0.0,0.0,1.2923133333333325,0.0,0.0,0.0,-0.20738666666666694,0.0,1.3525933333333358,0.0,2.707546666666669,0.0,1.2923133333333325,0.0,2.582893333333331,0.0,-0.20738666666666694,0.0,-0.41190666666666736,0.0,2.707546666666669,0.0,4.069380000000003,0.0,2.582893333333331,0.0,3.868979999999996,0.0,-0.41190666666666736,0.0,-0.6022866666666675,0.0,4.069380000000003,0.0,5.431286666666671,0.0,3.868979999999996,0.0,5.15262666666666,0.0,-0.6022866666666675,0.0,-0.8052533333333344,0.0,5.431286666666671,0.0,6.773280000000003,0.0,5.15262666666666,0.0,6.448226666666657,0.0,-0.8052533333333344,0.0,-1.0526466666666676,0.0,7.0
0.0,0.0,1.3467666666666687,0.0,0.0,0.0,1.2902533333333328,0.0,0.0,0.0,-0.2490666666666666,0.0,1.3467666666666687,0.0,2.6925466666666704,0.0,1.2902533333333328,0.0,2.58417333333333,0.0,-0.2490666666666666,0.0,-0.48763333333333303,0.0,2.6925466666666704,0.0,4.0328466666666705,0.0,2.58417333333333,0.0,3.8815733333333293,0.0,-0.48763333333333303,0.0,-0.7349266666666663,0.0,4.0328466666666705,0.0,5.373893333333338,0.0,3.8815733333333293,0.0,5.179813333333329,0.0,-0.7349266666666663,0.0,-0.9773733333333328,0.0,5.373893333333338,0.0,6.714053333333339,0.0,5.179813333333329,0.0,6.478846666666662,0.0,-0.9773733333333328,0.0,-1.222493333333333,0.0,7.0
0.0,0.0,1.6623333333333334,0.0,0.0,0.0,0.7498200000000003,0.0,0.0,0.0,0.5754800000000005,0.0,1.6623333333333334,0.0,3.325446666666668,0.0,0.7498200000000003,0.0,1.482213333333333,0.0,0.5754800000000005,0.0,1.1792133333333337,0.0,3.325446666666668,0.0,4.973779999999999,0.0,1.482213333333333,0.0,2.201733333333332,0.0,1.1792133333333337,0.0,1.8469666666666669,0.0,4.973779999999999,0.0,6.620866666666663,0.0,2.201733333333332,0.0,2.9204066666666653,0.0,1.8469666666666669,0.0,2.519039999999999,0.0,6.620866666666663,0.0,8.266346666666658,0.0,2.9204066666666653,0.0,3.642039999999997,0.0,2.519039999999999,0.0,3.1901333333333315,0.0,8.0
0.0,0.0,1.6470999999999985,0.0,0.0,0.0,0.7225999999999986,0.0,0.0,0.0,0.6656933333333327,0.0,1.6470999999999985,0.0,3.2946599999999946,0.0,0.7225999999999986,0.0,1.4427066666666644,0.0,0.6656933333333327,0.0,1.3336733333333317,0.0,3.2946599999999946,0.0,4.94296666666666,0.0,1.4427066666666644,0.0,2.165499999999996,0.0,1.3336733333333317,0.0,1.9958399999999976,0.0,4.94296666666666,0.0,6.60150666666666,0.0,2.165499999999996,0.0,2.871413333333328,0.0,1.9958399999999976,0.0,2.6536199999999965,0.0,6.60150666666666,0.0,8.247633333333328,0.0,2.871413333333328,0.0,3.5783199999999935,0.0,2.6536199999999965,0.0,3.343826666666663,0.0,8.0
0.0,0.0,1.2123066666666646,0.0,0.0,0.0,1.2310333333333308,0.0,0.0,0.0,-0.5647333333333323,0.0,1.2123066666666646,0.0,2.4281599999999988,0.0,1.2310333333333308,0.0,2.4914733333333294,0.0,-0.5647333333333323,0.0,-1.0551399999999993,0.0,2.4281599999999988,0.0,3.719126666666666,0.0,2.4914733333333294,0.0,3.613979999999996,0.0,-1.0551399999999993,0.0,-1.692019999999997,0.0,3.719126666666666,0.0,4.844599999999999,0.0,3.613979999999996,0.0,4.721206666666664,0.0,-1.692019999999997,0.0,-2.479246666666664,0.0,4.844599999999999,0.0,6.206959999999998,0.0,4.721206666666664,0.0,5.907786666666661,0.0,-2.479246666666664,0.0,-2.965559999999996,0.0,9.0
0.0,0.0,1.24806,1.278095826878627,0.0,0.0,1.64452,0.7795819712723506,0.0,0.0,-0.49177333333333345,0.4387780797977057,1.24806,1.278095826878627,2.4100200000000003,0.47504210297331784,1.64452,0.7795819712723506,3.2894266666666656,0.0,-0.49177333333333345,0.4387780797977057,-1.0549733333333335,0.0,2.4100200000000003,0.47504210297331784,3.618746666666666,0.0,3.2894266666666656,0.0,5.0179666666666645,0.0,-1.0549733333333335,0.0,-1.66714,0.0,3.618746666666666,0.0,4.763026666666665,0.0,5.0179666666666645,0.0,6.6586399999999974,0.0,-1.66714,0.0,-2.25408,0.0,4.763026666666665,0.0,5.918246666666664,0.0,6.6586399999999974,0.0,8.348693333333332,0.0,-2.25408,0.0,-2.803533333333333,0.0,10.0
0.0,0.0,0.35737333333333365,0.0,0.0,0.0,-0.5482600000000002,0.0,0.0,0.0,1.9794066666666643,0.0,0.35737333333333365,0.0,0.7202266666666673,0.0,-0.5482600000000002,0.0,-1.056726666666667,0.0,1.9794066666666643,0.0,3.971519999999997,0.0,0.7202266666666673,0.0,1.0904533333333342,0.0,-1.056726666666667,0.0,-1.55856,0.0,3.971519999999997,0.0,5.963506666666663,0.0,1.0904533333333342,0.0,1.4660200000000012,0.0,-1.55856,0.0,-2.0650133333333334,0.0,5.963506666666663,0.0,7.953219999999996,0.0,1.4660200000000012,0.0,1.8391600000000017,0.0,-2.0650133333333334,0.0,-2.5661400000000003,0.0,7.953219999999996,0.0,9.94467333333333,0.0,11.0
0.0,0.0,0.37372666666666654,0.0,0.0,0.0,-0.49596666666666633,0.0,0.0,0.0,1.9929400000000006,0.0,0.37372666666666654,0.0,0.7462466666666671,0.0,-0.49596666666666633,0.0,-0.9854533333333326,0.0,1.9929400000000006,0.0,3.9872600000000027,0.0,0.7462466666666671,0.0,1.1173933333333337,0.0,-0.9854533333333326,0.0,-1.4701599999999986,0.0,3.9872600000000027,0.0,5.982846666666669,0.0,1.1173933333333337,0.0,1.4879666666666673,0.0,-1.4701599999999986,0.0,-1.945486666666665,0.0,5.982846666666669,0.0,7.9805133333333345,0.0,1.4879666666666673,0.0,1.850773333333334,0.0,-1.945486666666665,0.0,-2.407299999999998,0.0,7.9805133333333345,0.0,9.982626666666665,0.0,11.0
0.0,0.0,-0.1321933333333333,0.15497242433494518,0.0,0.0,-0.2957199999999999,0.6707547999162873,0.0,0.0,-1.6700200000000018,0.0,-0.1321933333333333,0.15497242433494518,-0.23378666666666656,0.18917271631911498,-0.2957199999999999,0.6707547999162873,-0.5683400000000005,0.7877231724253377,-1.6700200000000018,0.0,-3.2922533333333317,0.0,-0.23378666666666656,0.18917271631911498,-0.30753999999999976,0.0,-0.5683400000000005,0.7877231724253377,-0.5940466666666671,0.7688852938657639,-3.2922533333333317,0.0,-5.2507600000000005,0.0,-0.30753999999999976,0.0,-0.45022666666666616,0.0,-0.5940466666666671,0.7688852938657639,-1.03242,0.5924837864289689,-5.2507600000000005,0.0,-6.683200000000002,0.0,-0.45022666666666616,0.0,-0.6709533333333337,0.0,-1.03242,0.5924837864289689,-1.0088533333333334,0.632269878944924,-6.683200000000002,0.0,-8.623153333333335,0.0,1.0
0.0,0.0,-0.26199333333333324,0.0,0.0,0.0,-2.040106666666664,0.0,0.0,0.0,-0.3252333333333332,0.0,-0.26199333333333324,0.0,-0.5705866666666665,0.0,-2.040106666666664,0.0,-4.062833333333331,0.0,-0.3252333333333332,0.0,-0.7088200000000004,0.0,-0.5705866666666665,0.0,-0.962886666666666,0.0,-4.062833333333331,0.0,-6.005299999999999,0.0,-0.7088200000000004,0.0,-1.1145000000000003,0.0,-0.962886666666666,0.0,-1.267773333333332,0.0,-6.005299999999999,0.0,-7.991526666666667,0.0,-1.1145000000000003,0.0,-1.525293333333333,0.0,-1.267773333333332,0.0,-1.565719999999999,0.0,-7.991526666666667,0.0,-9.92484,0.0,-1.525293333333333,0.0,-2.090206666666666,0.0,2.0
0.0,0.0,0.0752533333333334,0.25411132651651325,0.0,0.0,-0.6415800000000018,0.7302194785443866,0.0,0.0,1.4866533333333343,0.0,0.0752533333333334,0.25411132651651325,0.10566000000000011,0.2848621197146473,-0.6415800000000018,0.7302194785443866,-1.456246666666668,0.0,1.4866533333333343,0.0,2.9295066666666654,0.0,0.10566000000000011,0.2848621197146473,0.07728000000000013,0.34570913638471507,-1.456246666666668,0.0,-2.0031333333333348,0.0,2.9295066666666654,0.0,4.913206666666662,0.0,0.07728000000000013,0.34570913638471507,0.043660000000000046,0.4093674254179104,-2.0031333333333348,0.0,-2.8311066666666673,0.0,4.913206666666662,0.0,6.351673333333329,0.0,0.043660000000000046,0.4093674254179104,0.16731333333333312,0.38609770534938753,-2.8311066666666673,0.0,-3.5228533333333343,0.0,6.351673333333329,0.0,8.323726666666667,0.0,3.0
0.0,0.0,-0.8803533333333354,0.774510992176504,0.0,0.0,-0.27677333333333304,0.5237649601799491,0.0,0.0,1.563293333333333,0.0,-0.8803533333333354,0.774510992176504,-1.5624666666666687,0.0,-0.27677333333333304,0.5237649601799491,-0.998953333333333,0.0,1.563293333333333,0.0,2.8706866666666655,0.0,-1.5624666666666687,0.0,-2.1769733333333336,0.0,-0.998953333333333,0.0,-1.0841266666666665,0.0,2.8706866666666655,0.0,4.866453333333331,0.0,-2.1769733333333336,0.0,-3.0838866666666673,0.0,-1.0841266666666665,0.0,-1.4955599999999996,0.0,4.866453333333331,0.0,6.2140333333333295,0.0,-3.0838866666666673,0.0,-3.950366666666668,0.0,-1.4955599999999996,0.0,-1.693173333333333,0.0,6.2140333333333295,0.0,8.138006666666667,0.0,4.0
0.0,0.0,-0.27262666666666663,0.0,0.0,0.0,-0.7776799999999997,0.7406364424370242,0.0,0.0,1.1144200000000004,0.5827109321694577,-0.27262666666666663,0.0,-0.4208933333333332,0.0,-0.7776799999999997,0.7406364424370242,-1.6698866666666659,0.0,1.1144200000000004,0.5827109321694577,2.2930733333333313,0.0,-0.4208933333333332,0.0,-0.8826999999999998,0.0,-1.6698866666666659,0.0,-2.0438466666666644,0.0,2.2930733333333313,0.0,4.113833333333333,0.0,-0.8826999999999998,0.0,-1.1342399999999997,0.0,-2.0438466666666644,0.0,-2.815686666666663,0.0,4.113833333333333,0.0,5.222860000000001,0.0,-1.1342399999999997,0.0,-1.2325066666666664,0.0,-2.815686666666663,0.0,-3.185006666666663,0.0,5.222860000000001,0.0,7.285399999999999,0.0,5.0
0.0,0.0,-0.19542666666666675,0.11822844152228087,0.0,0.0,-2.0113133333333324,0.0,0.0,0.0,-0.28878666666666636,0.0,-0.19542666666666675,0.11822844152228087,-0.41951333333333335,0.0,-2.0113133333333324,0.0,-3.980699999999997,0.0,-0.28878666666666636,0.0,-0.7595999999999996,0.0,-0.41951333333333335,0.0,-0.6732866666666668,0.0,-3.980699999999997,0.0,-5.925939999999997,0.0,-0.7595999999999996,0.0,-1.2950199999999998,0.0,-0.6732866666666668,0.0,-1.0145533333333334,0.0,-5.925939999999997,0.0,-7.85623333333333,0.0,-1.2950199999999998,0.0,-1.8421999999999998,0.0,-1.0145533333333334,0.0,-1.3234266666666672,0.0,-7.85623333333333,0.0,-9.776933333333332,0.0,-1.8421999999999998,0.0,-2.42244,0.0,6.0
0.0,0.0,-0.2589133333333334,0.0,0.0,0.0,-1.9112600000000002,0.0,0.0,0.0,-0.6046733333333334,0.0,-0.2589133333333334,0.0,-0.5741533333333334,0.0,-1.9112600000000002,0.0,-3.8452399999999995,0.0,-0.6046733333333334,0.0,-1.1676466666666665,0.0,-0.5741533333333334,0.0,-0.832186666666667,0.0,-3.8452399999999995,0.0,-5.773533333333333,0.0,-1.1676466666666665,0.0,-1.7643933333333328,0.0,-0.832186666666667,0.0,-1.119493333333334,0.0,-5.773533333333333,0.0,-7.702186666666665,0.0,-1.7643933333333328,0.0,-2.367413333333333,0.0,-1.119493333333334,0.0,-1.4452933333333342,0.0,-7.702186666666665,0.0,-9.622786666666665,0.0,-2.367413333333333,0.0,-2.9625,0.0,6.0
0.0,0.0,-0.3173066666666666,0.0,0.0,0.0,-1.818913333333333,0.0,0.0,0.0,-0.8350800000000009,0.0,-0.3173066666666666,0.0,-0.6358266666666663,0.0,-1.818913333333333,0.0,-3.6261466666666666,0.0,-0.8350800000000009,0.0,-1.687880000000001,0.0,-0.6358266666666663,0.0,-0.959373333333333,0.0,-3.6261466666666666,0.0,-5.427753333333334,0.0,-1.687880000000001,0.0,-2.548220000000002,0.0,-0.959373333333333,0.0,-1.2970999999999997,0.0,-5.427753333333334,0.0,-7.1935666666666656,0.0,-2.548220000000002,0.0,-3.474033333333334,0.0,-1.2970999999999997,0.0,-1.6145466666666668,0.0,-7.1935666666666656,0.0,-8.985039999999998,0.0,-3.474033333333334,0.0,-4.3560799999999995,0.0,7.0
0.0,0.0,-0.30731999999999987,0.0,0.0,0.0,-1.7775866666666653,0.0,0.0,0.0,-0.9114599999999988,0.0,-0.30731999999999987,0.0,-0.6923933333333324,0.0,-1.7775866666666653,0.0,-3.5663533333333315,0.0,-0.9114599999999988,0.0,-1.7812399999999988,0.0,-0.6923933333333324,0.0,-1.0416733333333323,0.0,-3.5663533333333315,0.0,-5.349099999999997,0.0,-1.7812399999999988,0.0,-2.673439999999998,0.0,-1.0416733333333323,0.0,-1.3251199999999994,0.0,-5.349099999999997,0.0,-7.124659999999996,0.0,-2.673439999999998,0.0,-3.592173333333331,0.0,-1.3251199999999994,0.0,-1.6397799999999996,0.0,-7.124659999999996,0.0,-8.944359999999996,0.0,-3.592173333333331,0.0,-4.416479999999998,0.0,7.0
0.0,0.0,-0.3838200000000005,0.0,0.0,0.0,-1.9558533333333352,0.0,0.0,0.0,0.5763200000000002,0.0,-0.3838200000000005,0.0,-0.7688866666666675,0.0,-1.9558533333333352,0.0,-3.9076400000000073,0.0,0.5763200000000002,0.0,1.1684866666666671,0.0,-0.7688866666666675,0.0,-1.153766666666668,0.0,-3.9076400000000073,0.0,-5.859206666666677,0.0,1.1684866666666671,0.0,1.7623066666666682,0.0,-1.153766666666668,0.0,-1.5309666666666677,0.0,-5.859206666666677,0.0,-7.810393333333345,0.0,1.7623066666666682,0.0,2.362573333333335,0.0,-1.5309666666666677,0.0,-1.9065066666666681,0.0,-7.810393333333345,0.0,-9.751420000000014,0.0,2.362573333333335,0.0,2.9976533333333353,0.0,8.0
0.0,0.0,-0.3743000000000002,0.0,0.0,0.0,-1.9332266666666684,0.0,0.0,0.0,0.6657333333333328,0.0,-0.3743000000000002,0.0,-0.7443000000000006,0.0,-1.9332266666666684,0.0,-3.867413333333337,0.0,0.6657333333333328,0.0,1.3287266666666637,0.0,-0.7443000000000006,0.0,-1.1089800000000003,0.0,-3.867413333333337,0.0,-5.825673333333341,0.0,1.3287266666666637,0.0,1.9123199999999971,0.0,-1.1089800000000003,0.0,-1.4640733333333336,0.0,-5.825673333333341,0.0,-7.786033333333342,0.0,1.9123199999999971,0.0,2.495333333333331,0.0,-1.4640733333333336,0.0,-1.7675800000000004,0.0,-7.786033333333342,0.0,-9.739140000000011,0.0,2.495333333333331,0.0,3.1236333333333306,0.0,8.0
0.0,0.0,-0.18654666666666694,0.0,0.0,0.0,-1.6347533333333333,0.0,0.0,0.0,-0.9208333333333345,0.0,-0.18654666666666694,0.0,-0.37376000000000004,0.0,-1.6347533333333333,0.0,-3.5430599999999997,0.0,-0.9208333333333345,0.0,-1.5574266666666692,0.0,-0.37376000000000004,0.0,-0.5601266666666667,0.0,-3.5430599999999997,0.0,-5.172326666666662,0.0,-1.5574266666666692,0.0,-2.496486666666667,0.0,-0.5601266666666667,0.0,-0.8670133333333331,0.0,-5.172326666666662,0.0,-6.899686666666663,0.0,-2.496486666666667,0.0,-3.3224399999999994,0.0,-0.8670133333333331,0.0,-1.0660866666666664,0.0,-6.899686666666663,0.0,-8.848840000000001,0.0,-3.3224399999999994,0.0,-3.8698,0.0,9.0
0.0,0.0,-0.32312000000000013,0.07088045707126014,0.0,0.0,-2.0758666666666645,0.894337741306793,0.0,0.0,-0.4828400000000002,0.0,-0.32312000000000013,0.07088045707126014,-0.6093066666666668,0.0,-2.0758666666666645,0.894337741306793,-4.025093333333329,0.0,-0.4828400000000002,0.0,-1.0066200000000007,0.0,-0.6093066666666668,0.0,-0.9468666666666669,0.0,-4.025093333333329,0.0,-5.965386666666662,0.0,-1.0066200000000007,0.0,-1.499293333333334,0.0,-0.9468666666666669,0.0,-1.2831333333333337,0.0,-5.965386666666662,0.0,-7.94846666666666,0.0,-1.499293333333334,0.0,-2.039306666666668,0.0,-1.2831333333333337,0.0,-1.632526666666667,0.0,-7.94846666666666,0.0,-9.870393333333327,0.0,-2.039306666666668,0.0,-2.571326666666668,0.0,10.0
0.0,0.0,-0.2757400000000001,0.0,0.0,0.0,-0.5098199999999994,0.0,0.0,0.0,2.026279999999997,0.0,-0.2757400000000001,0.0,-0.5554600000000002,0.0,-0.5098199999999994,0.0,-0.9882866666666656,0.0,2.026279999999997,0.0,4.057359999999993,0.0,-0.5554600000000002,0.0,-0.8203933333333335,0.0,-0.9882866666666656,0.0,-1.4796799999999988,0.0,4.057359999999993,0.0,6.087259999999992,0.0,-0.8203933333333335,0.0,-1.0853466666666671,0.0,-1.4796799999999988,0.0,-1.9437733333333316,0.0,6.087259999999992,0.0,8.122693333333324,0.0,-1.0853466666666671,0.0,-1.3655933333333339,0.0,-1.9437733333333316,0.0,-2.3487866666666655,0.0,8.122693333333324,0.0,10.167339999999989,0.0,11.0
0.0,0.0,-0.2730800000000001,0.0,0.0,0.0,-0.4047400000000008,0.0,0.0,0.0,2.045546666666665,0.0,-0.2730800000000001,0.0,-0.5415666666666669,0.0,-0.4047400000000008,0.0,-0.8106666666666678,0.0,2.045546666666665,0.0,4.091279999999996,0.0,-0.5415666666666669,0.0,-0.8083200000000003,0.0,-0.8106666666666678,0.0,-1.213360000000002,0.0,4.091279999999996,0.0,6.1375066666666624,0.0,-0.8083200000000003,0.0,-1.0671133333333336,0.0,-1.213360000000002,0.0,-1.6181866666666693,0.0,6.1375066666666624,0.0,8.184293333333327,0.0,-1.0671133333333336,0.0,-1.3277600000000005,0.0,-1.6181866666666693,0.0,-2.0155733333333363,0.0,8.184293333333327,0.0,10.232259999999993,0.0,11.0
0.0,0.0,-0.5584933333333323,0.0,0.0,0.0,0.32926666666666615,0.4345665535743171,0.0,0.0,-1.6309000000000005,0.0,-0.5584933333333323,0.0,-1.0327399999999993,0.0,0.32926666666666615,0.4345665535743171,0.5578333333333331,0.48355732177808175,-1.6309000000000005,0.0,-3.4298533333333343,0.0,-1.0327399999999993,0.0,-1.2973799999999989,0.0,0.5578333333333331,0.48355732177808175,0.6031066666666663,0.43501704273745057,-3.4298533333333343,0.0,-5.352933333333337,0.0,-1.2973799999999989,0.0,-1.6458466666666656,0.0,0.6031066666666663,0.43501704273745057,0.8731400000000004,0.23534954811653716,-5.352933333333337,0.0,-7.184586666666669,0.0,-1.6458466666666656,0.0,-1.9880333333333313,0.0,0.8731400000000004,0.23534954811653716,0.8860600000000003,0.18059652199970522,-7.184586666666669,0.0,-9.117626666666672,0.0,1.0
0.0,0.0,-0.832086666666666,0.0,0.0,0.0,1.6483466666666657,0.0,0.0,0.0,-0.6211133333333333,0.0,-0.832086666666666,0.0,-1.7286599999999983,0.0,1.6483466666666657,0.0,3.2504800000000014,0.0,-0.6211133333333333,0.0,-1.2378600000000002,0.0,-1.7286599999999983,0.0,-2.610813333333331,0.0,3.2504800000000014,0.0,4.8641400000000035,0.0,-1.2378600000000002,0.0,-1.9190200000000004,0.0,-2.610813333333331,0.0,-3.3814199999999976,0.0,4.8641400000000035,0.0,6.36398666666667,0.0,-1.9190200000000004,0.0,-2.71964,0.0,-3.3814199999999976,0.0,-4.313186666666662,0.0,6.36398666666667,0.0,7.973313333333335,0.0,-2.71964,0.0,-3.379046666666667,0.0,2.0
0.0,0.0,0.5124333333333336,0.1551068658088012,0.0,0.0,-0.23759999999999987,0.745745039828982,0.0,0.0,1.4182333333333323,0.0,0.5124333333333336,0.1551068658088012,0.9985466666666669,0.0,-0.23759999999999987,0.745745039828982,-0.12514666666666652,1.1971398654873833,1.4182333333333323,0.0,2.5134333333333347,0.0,0.9985466666666669,0.0,1.5141066666666658,0.0,-0.12514666666666652,1.1971398654873833,-0.8005999999999985,1.0275156786145214,2.5134333333333347,0.0,4.424986666666668,0.0,1.5141066666666658,0.0,2.068819999999998,0.0,-0.8005999999999985,1.0275156786145214,-0.8668799999999985,1.3255139001901557,4.424986666666668,0.0,5.661400000000001,0.0,2.068819999999998,0.0,2.423119999999998,0.0,-0.8668799999999985,1.3255139001901557,-1.3467266666666653,0.896966220823027,5.661400000000001,0.0,7.664606666666669,0.0,3.0
0.0,0.0,1.0748933333333335,0.0,0.0,0.0,-0.7808333333333327,0.8122925086979469,0.0,0.0,0.019159999999999653,0.43954123551507757,1.0748933333333335,0.0,2.186440000000002,0.0,-0.7808333333333327,0.8122925086979469,-1.353799999999999,0.8909702727059087,0.019159999999999653,0.43954123551507757,0.021593333333332906,0.5742198804431948,2.186440000000002,0.0,3.410806666666668,0.0,-1.353799999999999,0.8909702727059087,-2.790966666666664,0.0,0.021593333333332906,0.5742198804431948,-0.3486600000000001,0.5525157938159845,3.410806666666668,0.0,4.463720000000001,0.0,-2.790966666666664,0.0,-3.31777333333333,0.0,-0.3486600000000001,0.5525157938159845,-1.0371533333333334,0.0,4.463720000000001,0.0,5.743626666666665,0.0,-3.31777333333333,0.0,-4.620586666666662,0.0,-1.0371533333333334,0.0,-1.6879999999999995,0.0,4.0
0.0,0.0,0.09005333333333293,0.500278067465956,0.0,0.0,-0.5183533333333326,0.9307045403519679,0.0,0.0,0.7511133333333339,0.8172938283349819,0.09005333333333293,0.500278067465956,0.2485133333333326,0.6630566268615794,-0.5183533333333326,0.9307045403519679,-1.0261133333333332,1.0619626286518957,0.7511133333333339,0.8172938283349819,1.6711800000000006,0.0,0.2485133333333326,0.6630566268615794,0.46308666666666604,0.5570607058681948,-1.0261133333333332,1.0619626286518957,-2.063053333333333,0.0,1.6711800000000006,0.0,3.4799866666666657,0.0,0.46308666666666604,0.5570607058681948,0.9197999999999994,0.0,-2.063053333333333,0.0,-2.322753333333333,0.0,3.4799866666666657,0.0,4.522513333333333,0.0,0.9197999999999994,0.0,1.2669533333333323,0.0,-2.322753333333333,0.0,-3.3265066666666643,0.0,4.522513333333333,0.0,6.3329266666666655,0.0,5.0
0.0,0.0,1.098526666666665,0.0,0.0,0.0,1.516686666666666,0.0,0.0,0.0,-0.14851333333333328,0.2899604864695303,1.098526666666665,0.0,2.2520199999999977,0.0,1.516686666666666,0.0,3.021039999999999,0.0,-0.14851333333333328,0.2899604864695303,-0.031433333333333265,0.38486074212335636,2.2520199999999977,0.0,3.4047599999999982,0.0,3.021039999999999,0.0,4.5075199999999995,0.0,-0.031433333333333265,0.38486074212335636,0.054433333333333424,0.43306075362597374,3.4047599999999982,0.0,4.538006666666665,0.0,4.5075199999999995,0.0,6.00564,0.0,0.054433333333333424,0.43306075362597374,0.09726000000000011,0.4756122642510812,4.538006666666665,0.0,5.688766666666665,0.0,6.00564,0.0,7.5015933333333304,0.0,0.09726000000000011,0.4756122642510812,0.19685333333333344,0.48747905667168134,6.0
0.0,0.0,1.1277866666666665,0.0,0.0,0.0,1.5087933333333345,0.0,0.0,0.0,0.04484666666666665,0.18552091496147585,1.1277866666666665,0.0,2.292733333333334,0.0,1.5087933333333345,0.0,2.989540000000001,0.0,0.04484666666666665,0.18552091496147585,0.07293999999999999,0.25227161855865055,2.292733333333334,0.0,3.420173333333334,0.0,2.989540000000001,0.0,4.496233333333334,0.0,0.07293999999999999,0.25227161855865055,0.09951333333333336,0.31224512261931736,3.420173333333334,0.0,4.56242,0.0,4.496233333333334,0.0,5.99978666666667,0.0,0.09951333333333336,0.31224512261931736,0.17757333333333336,0.34432506388540285,4.56242,0.0,5.685453333333332,0.0,5.99978666666667,0.0,7.517080000000003,0.0,0.17757333333333336,0.34432506388540285,0.24158000000000002,0.3609671622388456,6.0
0.0,0.0,0.887819999999999,0.0,0.0,0.0,1.6674933333333322,0.0,0.0,0.0,0.14629999999999996,0.0,0.887819999999999,0.0,1.9641933333333335,0.0,1.6674933333333322,0.0,3.206226666666664,0.0,0.14629999999999996,0.0,0.41497333333333314,0.0,1.9641933333333335,0.0,2.949046666666667,0.0,3.206226666666664,0.0,4.7986533333333306,0.0,0.41497333333333314,0.0,0.6039999999999998,0.0,2.949046666666667,0.0,4.067560000000001,0.0,4.7986533333333306,0.0,6.285953333333329,0.0,0.6039999999999998,0.0,0.9695533333333333,0.0,4.067560000000001,0.0,5.14264,0.0,6.285953333333329,0.0,7.827126666666662,0.0,0.9695533333333333,0.0,1.1367999999999998,0.0,7.0
0.0,0.0,1.0175999999999998,0.0,0.0,0.0,1.5788133333333336,0.0,0.0,0.0,0.25087999999999977,0.0,1.0175999999999998,0.0,1.9830266666666656,0.0,1.5788133333333336,0.0,3.1953666666666685,0.0,0.25087999999999977,0.0,0.45605999999999974,0.0,1.9830266666666656,0.0,2.9263266666666654,0.0,3.1953666666666685,0.0,4.823986666666669,0.0,0.45605999999999974,0.0,0.6712666666666665,0.0,2.9263266666666654,0.0,3.8106399999999985,0.0,4.823986666666669,0.0,6.483793333333335,0.0,0.6712666666666665,0.0,0.9133133333333331,0.0,3.8106399999999985,0.0,4.757319999999998,0.0,6.483793333333335,0.0,8.111193333333336,0.0,0.9133133333333331,0.0,1.1258133333333327,0.0,7.0
0.0,0.0,1.327026666666668,0.0,0.0,0.0,1.2951466666666656,0.0,0.0,0.0,0.4478000000000003,0.0,1.327026666666668,0.0,2.652706666666668,0.0,1.2951466666666656,0.0,2.5879999999999996,0.0,0.4478000000000003,0.0,0.9238333333333336,0.0,2.652706666666668,0.0,4.008013333333335,0.0,2.5879999999999996,0.0,3.8491466666666656,0.0,0.9238333333333336,0.0,1.4066399999999994,0.0,4.008013333333335,0.0,5.094060000000002,0.0,3.8491466666666656,0.0,5.10042,0.0,1.4066399999999994,0.0,2.1544,0.0,5.094060000000002,0.0,5.958566666666669,0.0,5.10042,0.0,6.332673333333333,0.0,2.1544,0.0,3.18456,0.0,8.0
0.0,0.0,-0.024766666666666756,0.4614286890983722,0.0,0.0,1.0706266666666673,0.0,0.0,0.0,1.410020000000001,0.0,-0.024766666666666756,0.4614286890983722,-0.6591133333333334,0.0801848147657355,1.0706266666666673,0.0,2.619226666666669,0.0,1.410020000000001,0.0,2.4581400000000015,0.0,-0.6591133333333334,0.0801848147657355,-1.5180400000000012,0.0,2.619226666666669,0.0,3.8128800000000016,0.0,2.4581400000000015,0.0,3.7515200000000006,0.0,-1.5180400000000012,0.0,-2.5124666666666684,0.0,3.8128800000000016,0.0,4.429220000000001,0.0,3.7515200000000006,0.0,5.492413333333336,0.0,-2.5124666666666684,0.0,-3.327906666666668,0.0,4.429220000000001,0.0,5.717793333333335,0.0,5.492413333333336,0.0,6.687133333333338,0.0,8.0
0.0,0.0,0.1351533333333335,0.10827610348608652,0.0,0.0,1.4093866666666663,0.0,0.0,0.0,-0.8448266666666671,0.0,0.1351533333333335,0.10827610348608652,0.21552000000000016,0.03512331488231267,1.4093866666666663,0.0,3.0559333333333325,0.0,-0.8448266666666671,0.0,-1.5714466666666667,0.0,0.21552000000000016,0.03512331488231267,0.31976000000000004,0.0,3.0559333333333325,0.0,4.790539999999998,0.0,-1.5714466666666667,0.0,-2.0966333333333345,0.0,0.31976000000000004,0.0,0.34010000000000007,0.0,4.790539999999998,0.0,6.34086666666666,0.0,-2.0966333333333345,0.0,-2.920266666666667,0.0,0.34010000000000007,0.0,0.2868066666666666,0.11456036166722101,6.34086666666666,0.0,8.135933333333325,0.0,-2.920266666666667,0.0,-3.5732666666666666,0.0,9.0
0.0,0.0,-0.06203333333333331,0.17622820838834896,0.0,0.0,1.7875600000000005,1.5016730467478137,0.0,0.0,-1.5183333333333326,0.3699907611156825,-0.06203333333333331,0.17622820838834896,-0.18972666666666663,0.21656032520270557,1.7875600000000005,1.5016730467478137,3.4763666666666664,0.0,-1.5183333333333326,0.3699907611156825,-3.2817466666666646,0.0,-0.18972666666666663,0.21656032520270557,-0.06577999999999996,0.38966746914525346,3.4763666666666664,0.0,4.726493333333334,0.0,-3.2817466666666646,0.0,-5.419513333333329,0.0,-0.06577999999999996,0.38966746914525346,0.07910666666666666,0.469290427480025,4.726493333333334,0.0,6.0495,0.0,-5.419513333333329,0.0,-7.708119999999995,0.0,0.07910666666666666,0.469290427480025,0.07626666666666666,0.5454256347500597,6.0495,0.0,7.173253333333334,0.0,-7.708119999999995,0.0,-9.833579999999992,0.0,10.0
0.0,0.0,0.7950000000000002,0.0,0.0,0.0,-0.44010666666666654,0.0,0.0,0.0,1.7973466666666664,0.0,0.7950000000000002,0.0,1.5925333333333336,0.0,-0.44010666666666654,0.0,-1.0855066666666653,0.0,1.7973466666666664,0.0,3.584866666666666,0.0,1.5925333333333336,0.0,2.376866666666668,0.0,-1.0855066666666653,0.0,-1.7763999999999984,0.0,3.584866666666666,0.0,5.357513333333333,0.0,2.376866666666668,0.0,3.0938000000000008,0.0,-1.7763999999999984,0.0,-2.1135999999999986,0.0,5.357513333333333,0.0,7.264833333333333,0.0,3.0938000000000008,0.0,3.8598066666666675,0.0,-2.1135999999999986,0.0,-2.3171599999999986,0.0,7.264833333333333,0.0,9.137459999999999,0.0,11.0
0.0,0.0,0.782673333333333,0.0,0.0,0.0,-0.30802666666666684,0.22014366714362943,0.0,0.0,1.7996266666666672,0.0,0.782673333333333,0.0,1.0438466666666664,0.0,-0.30802666666666684,0.22014366714362943,-0.4430000000000002,0.0,1.7996266666666672,0.0,3.8432799999999996,0.0,1.0438466666666664,0.0,1.2243999999999997,0.0,-0.4430000000000002,0.0,-0.5439800000000002,0.0,3.8432799999999996,0.0,5.9204,0.0,1.2243999999999997,0.0,1.3413399999999998,0.0,-0.5439800000000002,0.0,-0.6286466666666668,0.0,5.9204,0.0,8.006400000000003,0.0,1.3413399999999998,0.0,1.4788466666666666,0.0,-0.6286466666666668,0.0,-0.5851400000000003,0.0,8.006400000000003,0.0,10.085933333333337,0.0,11.0
0.0,0.0,-0.04504666666666662,0.5761458420961242,0.0,0.0,-0.01779333333333339,0.24826383175283415,0.0,0.0,-1.735806666666668,0.0,-0.04504666666666662,0.5761458420961242,0.07682666666666614,0.8433585522221632,-0.01779333333333339,0.24826383175283415,-0.11138666666666654,0.2445671916476637,-1.735806666666668,0.0,-3.3197933333333345,0.0,0.07682666666666614,0.8433585522221632,-0.24080000000000118,0.8569517775191831,-0.11138666666666654,0.2445671916476637,-0.2195266666666666,0.26191616304711807,-3.3197933333333345,0.0,-5.325346666666668,0.0,-0.24080000000000118,0.8569517775191831,-0.11304000000000097,1.0973008977186827,-0.2195266666666666,0.26191616304711807,-0.27125333333333307,0.2587810400061545,-5.325346666666668,0.0,-7.007679999999997,0.0,-0.11304000000000097,1.0973008977186827,-0.4039733333333343,1.046610655905971,-0.27125333333333307,0.2587810400061545,-0.4224066666666666,0.0,-7.007679999999997,0.0,-8.939619999999998,0.0,1.0
0.0,0.0,-0.9197333333333343,0.0,0.0,0.0,-1.4330666666666687,0.0,0.0,0.0,-0.9513599999999997,0.0,-0.9197333333333343,0.0,-1.8036933333333347,0.0,-1.4330666666666687,0.0,-2.8396266666666667,0.0,-0.9513599999999997,0.0,-1.88276,0.0,-1.8036933333333347,0.0,-1.9945533333333347,0.0,-2.8396266666666667,0.0,-3.091866666666668,0.0,-1.88276,0.0,-3.6531133333333354,0.0,-1.9945533333333347,0.0,-2.387380000000001,0.0,-3.091866666666668,0.0,-3.9303866666666676,0.0,-3.6531133333333354,0.0,-4.9169333333333345,0.0,-2.387380000000001,0.0,-2.5116000000000014,0.0,-3.9303866666666676,0.0,-3.9398533333333337,0.0,-4.9169333333333345,0.0,-6.858460000000004,0.0,2.0
0.0,0.0,-0.01840666666666635,0.38013129304920035,0.0,0.0,-0.8911333333333346,0.7147546222462449,0.0,0.0,1.1157199999999996,0.0,-0.01840666666666635,0.38013129304920035,0.13020000000000043,0.49096109005328337,-0.8911333333333346,0.7147546222462449,-2.0456933333333343,0.0,1.1157199999999996,0.0,2.365926666666666,0.0,0.13020000000000043,0.49096109005328337,0.5797733333333338,0.20010762696949758,-2.0456933333333343,0.0,-2.6565600000000016,0.0,2.365926666666666,0.0,4.152553333333332,0.0,0.5797733333333338,0.20010762696949758,0.7534333333333337,0.0,-2.6565600000000016,0.0,-3.47102,0.0,4.152553333333332,0.0,5.350973333333332,0.0,0.7534333333333337,0.0,1.2965600000000008,0.0,-3.47102,0.0,-4.338299999999997,0.0,5.350973333333332,0.0,7.12513333333333,0.0,3.0
0.0,0.0,-1.4881800000000005,0.0,0.0,0.0,-0.3685800000000015,0.693151138113799,0.0,0.0,0.49866666666666587,0.34183442490366245,-1.4881800000000005,0.0,-3.0729999999999986,0.0,-0.3685800000000015,0.693151138113799,-0.755253333333335,0.704692328376984,0.49866666666666587,0.34183442490366245,0.8109799999999997,0.0,-3.0729999999999986,0.0,-4.842726666666666,0.0,-0.755253333333335,0.704692328376984,-0.15756666666666783,1.1588112597805489,0.8109799999999997,0.0,1.677106666666666,0.0,-4.842726666666666,0.0,-6.352579999999998,0.0,-0.15756666666666783,1.1588112597805489,-0.17180666666666783,1.375514955171904,1.677106666666666,0.0,2.360726666666666,0.0,-6.352579999999998,0.0,-8.148953333333333,0.0,-0.17180666666666783,1.375514955171904,0.19112666666666567,1.3972586838110754,2.360726666666666,0.0,3.3770533333333326,0.0,4.0
0.0,0.0,0.018580000000000433,0.31297093953478866,0.0,0.0,-1.239986666666667,0.0,0.0,0.0,0.9398933333333338,0.5318828168194004,0.018580000000000433,0.31297093953478866,0.11721333333333445,0.45553222190110343,-1.239986666666667,0.0,-2.445220000000001,0.0,0.9398933333333338,0.5318828168194004,1.9821666666666646,0.0,0.11721333333333445,0.45553222190110343,0.42307333333333486,0.35316794675192925,-2.445220000000001,0.0,-3.5678866666666664,0.0,1.9821666666666646,0.0,3.5732666666666653,0.0,0.42307333333333486,0.35316794675192925,0.5133666666666683,0.4369530624073953,-3.5678866666666664,0.0,-4.598513333333334,0.0,3.5732666666666653,0.0,4.435079999999998,0.0,0.5133666666666683,0.4369530624073953,1.115333333333336,0.0,-4.598513333333334,0.0,-4.617706666666667,0.0,4.435079999999998,0.0,6.410880000000001,0.0,5.0
0.0,0.0,-0.5440333333333334,0.0,0.0,0.0,-1.9688599999999996,0.0,0.0,0.0,-0.28617333333333356,0.0,-0.5440333333333334,0.0,-1.0264333333333335,0.0,-1.9688599999999996,0.0,-3.9514466666666674,0.0,-0.28617333333333356,0.0,-0.5631866666666671,0.0,-1.0264333333333335,0.0,-1.5510066666666664,0.0,-3.9514466666666674,0.0,-5.93436,0.0,-0.5631866666666671,0.0,-0.8209733333333337,0.0,-1.5510066666666664,0.0,-2.122599999999999,0.0,-5.93436,0.0,-7.9052333333333324,0.0,-0.8209733333333337,0.0,-1.017166666666667,0.0,-2.122599999999999,0.0,-2.649413333333333,0.0,-7.9052333333333324,0.0,-9.877479999999998,0.0,-1.017166666666667,0.0,-1.259286666666667,0.0,6.0
0.0,0.0,-0.49641333333333343,0.0,0.0,0.0,-1.994386666666665,0.0,0.0,0.0,-0.2221866666666667,0.09982974679182068,-0.49641333333333343,0.0,-1.0704200000000006,0.0,-1.994386666666665,0.0,-3.9632199999999997,0.0,-0.2221866666666667,0.09982974679182068,-0.4412133333333332,0.0,-1.0704200000000006,0.0,-1.6645000000000005,0.0,-3.9632199999999997,0.0,-5.939773333333332,0.0,-0.4412133333333332,0.0,-0.6234333333333332,0.0,-1.6645000000000005,0.0,-2.2882466666666668,0.0,-5.939773333333332,0.0,-7.89347333333333,0.0,-0.6234333333333332,0.0,-0.8134199999999998,0.0,-2.2882466666666668,0.0,-2.8247400000000003,0.0,-7.89347333333333,0.0,-9.876959999999997,0.0,-0.8134199999999998,0.0,-1.0231999999999999,0.0,6.0
0.0,0.0,-0.6673133333333325,0.0,0.0,0.0,-1.924586666666668,0.0,0.0,0.0,-0.3756466666666669,0.0,-0.6673133333333325,0.0,-1.3349666666666649,0.0,-1.924586666666668,0.0,-3.8484933333333373,0.0,-0.3756466666666669,0.0,-0.7546866666666674,0.0,-1.3349666666666649,0.0,-1.9955333333333303,0.0,-3.8484933333333373,0.0,-5.778953333333338,0.0,-0.7546866666666674,0.0,-1.1107666666666667,0.0,-1.9955333333333303,0.0,-2.6439799999999978,0.0,-5.778953333333338,0.0,-7.7207000000000034,0.0,-1.1107666666666667,0.0,-1.4225399999999997,0.0,-2.6439799999999978,0.0,-3.283559999999996,0.0,-7.7207000000000034,0.0,-9.670633333333342,0.0,-1.4225399999999997,0.0,-1.7046799999999998,0.0,7.0
0.0,0.0,-0.6375133333333332,0.0,0.0,0.0,-1.9436733333333345,0.0,0.0,0.0,-0.32409333333333323,0.0,-0.6375133333333332,0.0,-1.2593466666666666,0.0,-1.9436733333333345,0.0,-3.8894466666666707,0.0,-0.32409333333333323,0.0,-0.6639866666666666,0.0,-1.2593466666666666,0.0,-1.917599999999999,0.0,-3.8894466666666707,0.0,-5.820233333333338,0.0,-0.6639866666666666,0.0,-1.0261133333333332,0.0,-1.917599999999999,0.0,-2.574739999999998,0.0,-5.820233333333338,0.0,-7.750980000000007,0.0,-1.0261133333333332,0.0,-1.3911399999999998,0.0,-2.574739999999998,0.0,-3.2315799999999975,0.0,-7.750980000000007,0.0,-9.67901333333334,0.0,-1.3911399999999998,0.0,-1.7695733333333328,0.0,7.0
0.0,0.0,-0.047453333333333285,0.0,0.0,0.0,-1.9242599999999985,0.0,0.0,0.0,0.7778866666666676,0.0,-0.047453333333333285,0.0,-0.08734666666666657,0.0,-1.9242599999999985,0.0,-3.84165333333333,0.0,0.7778866666666676,0.0,1.575046666666669,0.0,-0.08734666666666657,0.0,-0.12826666666666653,0.0,-3.84165333333333,0.0,-5.755546666666666,0.0,1.575046666666669,0.0,2.382500000000003,0.0,-0.12826666666666653,0.0,-0.2101933333333332,0.0,-5.755546666666666,0.0,-7.701433333333333,0.0,2.382500000000003,0.0,3.088846666666669,0.0,-0.2101933333333332,0.0,-0.2495066666666665,0.0,-7.701433333333333,0.0,-9.61546,0.0,3.088846666666669,0.0,3.8948133333333357,0.0,8.0
0.0,0.0,0.0019933333333333344,0.005030773309292067,0.0,0.0,-1.8768733333333314,0.0,0.0,0.0,0.897946666666665,0.0,0.0019933333333333344,0.005030773309292067,-0.004373333333333338,0.010150244924916547,-1.8768733333333314,0.0,-3.750073333333327,0.0,0.897946666666665,0.0,1.8065666666666638,0.0,-0.004373333333333338,0.010150244924916547,-0.01886666666666663,0.0,-3.750073333333327,0.0,-5.621533333333321,0.0,1.8065666666666638,0.0,2.7195866666666624,0.0,-0.01886666666666663,0.0,-0.03302666666666658,0.0,-5.621533333333321,0.0,-7.494246666666653,0.0,2.7195866666666624,0.0,3.630159999999994,0.0,-0.03302666666666658,0.0,-0.045966666666666545,0.0,-7.494246666666653,0.0,-9.366359999999986,0.0,3.630159999999994,0.0,4.543579999999992,0.0,8.0
0.0,0.0,-0.8569200000000001,0.0,0.0,0.0,-1.7752399999999993,0.0,0.0,0.0,-0.5908133333333342,0.0,-0.8569200000000001,0.0,-1.6994533333333337,0.0,-1.7752399999999993,0.0,-3.564506666666666,0.0,-0.5908133333333342,0.0,-1.220700000000001,0.0,-1.6994533333333337,0.0,-2.5036800000000015,0.0,-3.564506666666666,0.0,-5.347266666666665,0.0,-1.220700000000001,0.0,-1.8666666666666674,0.0,-2.5036800000000015,0.0,-3.307440000000003,0.0,-5.347266666666665,0.0,-7.122973333333332,0.0,-1.8666666666666674,0.0,-2.466986666666668,0.0,-3.307440000000003,0.0,-4.09372666666667,0.0,-7.122973333333332,0.0,-8.943366666666664,0.0,-2.466986666666668,0.0,-3.074026666666669,0.0,9.0
0.0,0.0,-0.8046666666666673,0.17882069556768396,0.0,0.0,-1.8670599999999997,1.1401237082884237,0.0,0.0,-0.5682666666666674,0.0,-0.8046666666666673,0.17882069556768396,-1.689026666666668,0.0,-1.8670599999999997,1.1401237082884237,-3.8832399999999985,0.0,-0.5682666666666674,0.0,-1.1430333333333345,0.0,-1.689026666666668,0.0,-2.547386666666668,0.0,-3.8832399999999985,0.0,-5.699546666666666,0.0,-1.1430333333333345,0.0,-1.768566666666668,0.0,-2.547386666666668,0.0,-3.415820000000002,0.0,-5.699546666666666,0.0,-7.662933333333334,0.0,-1.768566666666668,0.0,-2.3490266666666675,0.0,-3.415820000000002,0.0,-4.202326666666668,0.0,-7.662933333333334,0.0,-9.63880666666667,0.0,-2.3490266666666675,0.0,-2.8509866666666674,0.0,10.0
0.0,0.0,-0.13729333333333352,0.0,0.0,0.0,-0.0509933333333333,0.0,0.0,0.0,-1.9412733333333354,0.0,-0.13729333333333352,0.0,-0.2707000000000002,0.0,-0.0509933333333333,0.0,-0.1054066666666665,0.0,-1.9412733333333354,0.0,-3.8823399999999992,0.0,-0.2707000000000002,0.0,-0.39406000000000013,0.0,-0.1054066666666665,0.0,-0.1543133333333332,0.0,-3.8823399999999992,0.0,-5.823539999999999,0.0,-0.39406000000000013,0.0,-0.5102333333333334,0.0,-0.1543133333333332,0.0,-0.1975399999999998,0.0,-5.823539999999999,0.0,-7.76481333333333,0.0,-0.5102333333333334,0.0,-0.63116,0.0,-0.1975399999999998,0.0,-0.2431666666666664,0.0,-7.76481333333333,0.0,-9.70617333333333,0.0,11.0
0.0,0.0,-0.12268666666666674,0.0,0.0,0.0,-0.045866666666666625,0.0,0.0,0.0,-1.9412066666666647,0.0,-0.12268666666666674,0.0,-0.24573333333333333,0.0,-0.045866666666666625,0.0,-0.09157333333333327,0.0,-1.9412066666666647,0.0,-3.8825333333333303,0.0,-0.24573333333333333,0.0,-0.3672199999999998,0.0,-0.09157333333333327,0.0,-0.13667333333333317,0.0,-3.8825333333333303,0.0,-5.823813333333329,0.0,-0.3672199999999998,0.0,-0.489413333333333,0.0,-0.13667333333333317,0.0,-0.18260666666666647,0.0,-5.823813333333329,0.0,-7.765193333333327,0.0,-0.489413333333333,0.0,-0.6116666666666664,0.0,-0.18260666666666647,0.0,-0.2284399999999998,0.0,-7.765193333333327,0.0,-9.706333333333324,0.0,11.0
0.0,0.0,-0.2654999999999998,0.32081255373016937,0.0,0.0,-0.6808266666666687,0.26800570330168644,0.0,0.0,-1.7688333333333321,0.0,-0.2654999999999998,0.32081255373016937,-0.47040666666666636,0.3319507543461266,-0.6808266666666687,0.26800570330168644,-1.3761866666666684,0.0,-1.7688333333333321,0.0,-3.3474599999999968,0.0,-0.47040666666666636,0.3319507543461266,-1.145979999999999,0.0,-1.3761866666666684,0.0,-1.8654666666666673,0.0,-3.3474599999999968,0.0,-5.170239999999999,0.0,-1.145979999999999,0.0,-1.1248933333333326,0.0,-1.8654666666666673,0.0,-2.687753333333333,0.0,-5.170239999999999,0.0,-6.887319999999998,0.0,-1.1248933333333326,0.0,-1.1459999999999992,0.0,-2.687753333333333,0.0,-3.2924666666666678,0.0,-6.887319999999998,0.0,-8.75235333333333,0.0,1.0
0.0,0.0,0.598959999999999,0.0,0.0,0.0,-1.6248333333333331,0.0,0.0,0.0,-0.887513333333332,0.0,0.598959999999999,0.0,1.0879933333333331,0.0,-1.6248333333333331,0.0,-3.3108000000000013,0.0,-0.887513333333332,0.0,-1.779633333333333,0.0,1.0879933333333331,0.0,1.2433866666666666,0.0,-3.3108000000000013,0.0,-5.098199999999997,0.0,-1.779633333333333,0.0,-2.6739666666666646,0.0,1.2433866666666666,0.0,1.3498066666666664,0.0,-5.098199999999997,0.0,-6.921779999999999,0.0,-2.6739666666666646,0.0,-3.4711666666666625,0.0,1.3498066666666664,0.0,1.212466666666666,0.0,-6.921779999999999,0.0,-8.773779999999999,0.0,-3.4711666666666625,0.0,-4.26895333333333,0.0,2.0
0.0,0.0,1.352933333333334,0.10758737149680321,0.0,0.0,-0.19538000000000016,0.5187557088874839,0.0,0.0,-0.31640000000000074,0.5432212027965998,1.352933333333334,0.10758737149680321,2.9354399999999976,0.0,-0.19538000000000016,0.5187557088874839,-0.4407666666666672,0.6851791752798214,-0.31640000000000074,0.5432212027965998,-0.3726666666666674,0.6448488056148568,2.9354399999999976,0.0,3.721139999999999,0.0,-0.4407666666666672,0.6851791752798214,0.07632000000000005,0.8971394758869053,-0.3726666666666674,0.6448488056148568,-2.0119866666666666,0.0,3.721139999999999,0.0,4.980666666666666,0.0,0.07632000000000005,0.8971394758869053,0.02047999999999991,1.1558823337156658,-2.0119866666666666,0.0,-2.5191933333333334,0.0,4.980666666666666,0.0,6.853553333333332,0.0,0.02047999999999991,1.1558823337156658,0.22439333333333342,1.1432241226400581,-2.5191933333333334,0.0,-2.1992133333333332,0.0,3.0
0.0,0.0,-0.2669466666666666,0.30560813586509017,0.0,0.0,-1.760133333333334,0.0,0.0,0.0,0.6320066666666668,0.45619895131042904,-0.2669466666666666,0.30560813586509017,-0.5777733333333331,0.26678259873690213,-1.760133333333334,0.0,-3.438473333333336,0.0,0.6320066666666668,0.45619895131042904,1.3521999999999998,0.0,-0.5777733333333331,0.26678259873690213,-1.540193333333332,0.0,-3.438473333333336,0.0,-4.708866666666668,0.0,1.3521999999999998,0.0,2.756426666666667,0.0,-1.540193333333332,0.0,-2.34532,0.0,-4.708866666666668,0.0,-6.236693333333335,0.0,2.756426666666667,0.0,3.502906666666667,0.0,-2.34532,0.0,-3.4250800000000003,0.0,-6.236693333333335,0.0,-7.790860000000002,0.0,3.502906666666667,0.0,4.472639999999999,0.0,4.0
0.0,0.0,1.227979999999998,0.0,0.0,0.0,-0.5387733333333343,0.49975114809510107,0.0,0.0,-0.639426666666666,0.0,1.227979999999998,0.0,2.6758999999999986,0.0,-0.5387733333333343,0.49975114809510107,-1.1432666666666678,0.0,-0.639426666666666,0.0,-1.2858666666666658,0.0,2.6758999999999986,0.0,4.547486666666667,0.0,-1.1432666666666678,0.0,-1.391573333333334,0.0,-1.2858666666666658,0.0,-1.4831066666666661,0.0,4.547486666666667,0.0,6.083373333333335,0.0,-1.391573333333334,0.0,-1.827580000000001,0.0,-1.4831066666666661,0.0,-1.9643466666666658,0.0,6.083373333333335,0.0,7.9548266666666665,0.0,-1.827580000000001,0.0,-1.9936333333333345,0.0,-1.9643466666666658,0.0,-2.229486666666666,0.0,5.0
0.0,0.0,0.6746266666666672,0.0,0.0,0.0,-1.7909066666666669,0.0,0.0,0.0,-0.5975533333333335,0.0,0.6746266666666672,0.0,1.33404,0.0,-1.7909066666666669,0.0,-3.579506666666666,0.0,-0.5975533333333335,0.0,-1.1964533333333338,0.0,1.33404,0.0,2.0068399999999995,0.0,-3.579506666666666,0.0,-5.378073333333332,0.0,-1.1964533333333338,0.0,-1.7888400000000004,0.0,2.0068399999999995,0.0,2.6521266666666663,0.0,-5.378073333333332,0.0,-7.160559999999996,0.0,-1.7888400000000004,0.0,-2.4164466666666664,0.0,2.6521266666666663,0.0,3.3374933333333328,0.0,-7.160559999999996,0.0,-8.915573333333331,0.0,-2.4164466666666664,0.0,-3.0271600000000007,0.0,6.0
0.0,0.0,0.6854600000000003,0.0,0.0,0.0,-1.7451399999999981,0.0,0.0,0.0,-0.671466666666667,0.0,0.6854600000000003,0.0,1.3319266666666674,0.0,-1.7451399999999981,0.0,-3.517513333333331,0.0,-0.671466666666667,0.0,-1.3381400000000003,0.0,1.3319266666666674,0.0,1.9636600000000006,0.0,-3.517513333333331,0.0,-5.299113333333332,0.0,-1.3381400000000003,0.0,-1.9787666666666666,0.0,1.9636600000000006,0.0,2.593600000000001,0.0,-5.299113333333332,0.0,-7.075239999999999,0.0,-1.9787666666666666,0.0,-2.6386800000000004,0.0,2.593600000000001,0.0,3.251766666666668,0.0,-7.075239999999999,0.0,-8.851399999999998,0.0,-2.6386800000000004,0.0,-3.26932,0.0,6.0
0.0,0.0,0.5225200000000004,0.0,0.0,0.0,-1.8116666666666659,0.0,0.0,0.0,-0.667879999999999,0.0,0.5225200000000004,0.0,1.0799800000000006,0.0,-1.8116666666666659,0.0,-3.6097933333333323,0.0,-0.667879999999999,0.0,-1.3408799999999976,0.0,1.0799800000000006,0.0,1.6580800000000009,0.0,-3.6097933333333323,0.0,-5.401733333333329,0.0,-1.3408799999999976,0.0,-2.008399999999997,0.0,1.6580800000000009,0.0,2.245166666666668,0.0,-5.401733333333329,0.0,-7.193106666666662,0.0,-2.008399999999997,0.0,-2.668039999999996,0.0,2.245166666666668,0.0,2.8224933333333357,0.0,-7.193106666666662,0.0,-8.988433333333326,0.0,-2.668039999999996,0.0,-3.3292533333333285,0.0,7.0
0.0,0.0,0.5842800000000001,0.0,0.0,0.0,-1.7939266666666662,0.0,0.0,0.0,-0.65726,0.0,0.5842800000000001,0.0,1.1538733333333338,0.0,-1.7939266666666662,0.0,-3.595179999999998,0.0,-0.65726,0.0,-1.3128333333333326,0.0,1.1538733333333338,0.0,1.6993133333333343,0.0,-3.595179999999998,0.0,-5.400579999999999,0.0,-1.3128333333333326,0.0,-1.9799599999999986,0.0,1.6993133333333343,0.0,2.274980000000001,0.0,-5.400579999999999,0.0,-7.199973333333331,0.0,-1.9799599999999986,0.0,-2.634826666666664,0.0,2.274980000000001,0.0,2.857306666666668,0.0,-7.199973333333331,0.0,-9.001026666666663,0.0,-2.634826666666664,0.0,-3.2792733333333293,0.0,7.0
0.0,0.0,1.540166666666665,0.0,0.0,0.0,-1.1112599999999997,0.0,0.0,0.0,0.02681333333333325,0.184672915521116,1.540166666666665,0.0,3.1586333333333303,0.0,-1.1112599999999997,0.0,-2.1686066666666672,0.0,0.02681333333333325,0.184672915521116,0.16774666666666657,0.1427895709286762,3.1586333333333303,0.0,4.795299999999995,0.0,-2.1686066666666672,0.0,-3.180613333333334,0.0,0.16774666666666657,0.1427895709286762,0.45896,0.0,4.795299999999995,0.0,6.434879999999999,0.0,-3.180613333333334,0.0,-4.1891266666666676,0.0,0.45896,0.0,0.7450066666666668,0.0,6.434879999999999,0.0,8.075753333333337,0.0,-4.1891266666666676,0.0,-5.1969400000000014,0.0,0.7450066666666668,0.0,1.025686666666667,0.0,8.0
0.0,0.0,1.640820000000003,0.0,0.0,0.0,-1.0079400000000005,0.0,0.0,0.0,0.2806133333333336,0.0,1.640820000000003,0.0,3.2802733333333367,0.0,-1.0079400000000005,0.0,-2.017966666666667,0.0,0.2806133333333336,0.0,0.5623800000000005,0.0,3.2802733333333367,0.0,4.919780000000006,0.0,-2.017966666666667,0.0,-3.0280000000000005,0.0,0.5623800000000005,0.0,0.8453400000000005,0.0,4.919780000000006,0.0,6.557953333333341,0.0,-3.0280000000000005,0.0,-4.041580000000001,0.0,0.8453400000000005,0.0,1.1242200000000009,0.0,6.557953333333341,0.0,8.195986666666675,0.0,-4.041580000000001,0.0,-5.055553333333336,0.0,1.1242200000000009,0.0,1.403760000000001,0.0,8.0
0.0,0.0,0.6121066666666667,0.0,0.0,0.0,-1.6321199999999998,0.0,0.0,0.0,-0.8539866666666668,0.0,0.6121066666666667,0.0,1.244833333333332,0.0,-1.6321199999999998,0.0,-3.3285733333333343,0.0,-0.8539866666666668,0.0,-1.5992266666666672,0.0,1.244833333333332,0.0,1.990846666666664,0.0,-3.3285733333333343,0.0,-4.94166,0.0,-1.5992266666666672,0.0,-2.4453200000000037,0.0,1.990846666666664,0.0,2.64131333333333,0.0,-4.94166,0.0,-6.5885199999999955,0.0,-2.4453200000000037,0.0,-3.290780000000004,0.0,2.64131333333333,0.0,3.223513333333331,0.0,-6.5885199999999955,0.0,-8.351146666666663,0.0,-3.290780000000004,0.0,-4.010213333333336,0.0,9.0
0.0,0.0,1.0262066666666663,1.2658818625322605,0.0,0.0,-1.755673333333331,1.0426834024801666,0.0,0.0,-1.087480000000001,0.8992037470962543,1.0262066666666663,1.2658818625322605,2.2054266666666664,1.0367906556839936,-1.755673333333331,1.0426834024801666,-3.6759466666666647,0.0,-1.087480000000001,0.8992037470962543,-2.1466733333333328,0.0,2.2054266666666664,1.0367906556839936,3.3649600000000004,0.0,-3.6759466666666647,0.0,-5.504246666666666,0.0,-2.1466733333333328,0.0,-3.1381666666666654,0.0,3.3649600000000004,0.0,4.439786666666667,0.0,-5.504246666666666,0.0,-7.327833333333332,0.0,-3.1381666666666654,0.0,-4.184979999999999,0.0,4.439786666666667,0.0,5.582133333333334,0.0,-7.327833333333332,0.0,-9.006706666666664,0.0,-4.184979999999999,0.0,-5.225653333333332,0.0,10.0
0.0,0.0,1.1113866666666679,0.0,0.0,0.0,0.0770666666666666,0.0,0.0,0.0,1.6822000000000004,0.0,1.1113866666666679,0.0,2.245120000000001,0.0,0.0770666666666666,0.0,0.16201999999999986,0.0,1.6822000000000004,0.0,3.349860000000001,0.0,2.245120000000001,0.0,3.3437533333333347,0.0,0.16201999999999986,0.0,0.22063333333333313,0.0,3.349860000000001,0.0,5.043273333333334,0.0,3.3437533333333347,0.0,4.472666666666667,0.0,0.22063333333333313,0.0,0.26883999999999975,0.0,5.043273333333334,0.0,6.7174666666666685,0.0,4.472666666666667,0.0,5.603726666666667,0.0,0.26883999999999975,0.0,0.3076266666666664,0.0,6.7174666666666685,0.0,8.39048666666667,0.0,11.0
0.0,0.0,1.1306866666666657,0.0,0.0,0.0,0.03395999999999994,0.0,0.0,0.0,1.6734733333333343,0.0,1.1306866666666657,0.0,2.261373333333332,0.0,0.03395999999999994,0.0,0.06684666666666653,0.0,1.6734733333333343,0.0,3.3471466666666676,0.0,2.261373333333332,0.0,3.392566666666663,0.0,0.06684666666666653,0.0,0.0972199999999998,0.0,3.3471466666666676,0.0,5.020646666666668,0.0,3.392566666666663,0.0,4.523459999999996,0.0,0.0972199999999998,0.0,0.12463333333333305,0.0,5.020646666666668,0.0,6.6943800000000016,0.0,4.523459999999996,0.0,5.650839999999997,0.0,0.12463333333333305,0.0,0.14737999999999965,0.0,6.6943800000000016,0.0,8.370940000000003,0.0,11.0
0.0,0.0,1.0731733333333344,0.0,0.0,0.0,-1.2488466666666678,0.0,0.0,0.0,-1.0056533333333322,0.0,1.0731733333333344,0.0,1.528180000000001,0.0,-1.2488466666666678,0.0,-1.672620000000001,0.0,-1.0056533333333322,0.0,-2.2768733333333326,0.0,1.528180000000001,0.0,1.715186666666669,0.0,-1.672620000000001,0.0,-1.9435466666666685,0.0,-2.2768733333333326,0.0,-3.69529333333333,0.0,1.715186666666669,0.0,1.4345133333333357,0.0,-1.9435466666666685,0.0,-2.0921266666666685,0.0,-3.69529333333333,0.0,-5.1321066666666635,0.0,1.4345133333333357,0.0,0.680560000000002,1.3630811449745883,-2.0921266666666685,0.0,-1.8926733333333352,0.0,-5.1321066666666635,0.0,-6.951799999999995,0.0,1.0
0.0,0.0,0.12410666666666635,0.5477933175452254,0.0,0.0,-1.0078333333333354,0.0,0.0,0.0,-1.3045333333333322,0.0,0.12410666666666635,0.5477933175452254,0.2666399999999987,0.8075709313289563,-1.0078333333333354,0.0,-1.510806666666668,0.0,-1.3045333333333322,0.0,-2.71336,0.0,0.2666399999999987,0.8075709313289563,-0.5109733333333341,0.9534176246899105,-1.510806666666668,0.0,-1.2815800000000013,0.0,-2.71336,0.0,-4.354280000000002,0.0,-0.5109733333333341,0.9534176246899105,-0.7774733333333341,1.0828241827247445,-1.2815800000000013,0.0,-1.767940000000003,0.0,-4.354280000000002,0.0,-5.673126666666667,0.0,-0.7774733333333341,1.0828241827247445,-1.6664866666666664,0.0,-1.767940000000003,0.0,-1.7596333333333363,0.0,-5.673126666666667,0.0,-7.4611933333333305,0.0,2.0
0.0,0.0,0.8898466666666656,0.0,0.0,0.0,-0.5523333333333347,0.45479801057728286,0.0,0.0,0.881546666666668,0.5884779433028177,0.8898466666666656,0.0,1.8568466666666643,0.0,-0.5523333333333347,0.45479801057728286,-0.9249333333333349,0.0,0.881546666666668,0.5884779433028177,2.0880466666666666,0.0,1.8568466666666643,0.0,2.8978199999999976,0.0,-0.9249333333333349,0.0,-0.48368666666666826,0.903241553432897,2.0880466666666666,0.0,3.2389200000000007,0.0,2.8978199999999976,0.0,3.8474133333333316,0.0,-0.48368666666666826,0.903241553432897,-0.972500000000002,0.800201574856411,3.2389200000000007,0.0,3.915526666666666,0.0,3.8474133333333316,0.0,4.559359999999997,0.0,-0.972500000000002,0.800201574856411,-1.638106666666667,0.0,3.915526666666666,0.0,5.7511333333333345,0.0,3.0
0.0,0.0,0.904359999999998,0.0,0.0,0.0,0.9445266666666678,0.5650271324086471,0.0,0.0,-0.009360000000000151,0.37051294536704593,0.904359999999998,0.0,1.9149133333333297,0.0,0.9445266666666678,0.5650271324086471,1.6921133333333345,0.0,-0.009360000000000151,0.37051294536704593,0.003953333333332989,0.5090582875167492,1.9149133333333297,0.0,0.7089133333333306,1.178619753202798,1.6921133333333345,0.0,-0.025220000000000103,1.9666255153735086,0.003953333333332989,0.5090582875167492,0.08835333333333303,0.52810858066821,0.7089133333333306,1.178619753202798,1.1433266666666635,1.1209577490356406,-0.025220000000000103,1.9666255153735086,-0.022520000000000207,2.2092481022849517,0.08835333333333303,0.52810858066821,0.6040866666666667,0.6917732581999876,1.1433266666666635,1.1209577490356406,1.8778666666666637,0.0,-0.022520000000000207,2.2092481022849517,1.1648733333333319,2.056054540239261,0.6040866666666667,0.6917732581999876,2.0095133333333326,0.0,4.0
0.0,0.0,0.036646666666666355,0.8503647076770308,0.0,0.0,-1.4084400000000006,0.0,0.0,0.0,0.33239333333333343,0.4920556101145381,0.036646666666666355,0.8503647076770308,0.056859999999999314,1.0677571804375008,-1.4084400000000006,0.0,-2.859193333333336,0.0,0.33239333333333343,0.4920556101145381,1.05412,0.0,0.056859999999999314,1.0677571804375008,-0.2167000000000003,1.127337171087443,-2.859193333333336,0.0,-3.9316733333333347,0.0,1.05412,0.0,2.766819999999997,0.0,-0.2167000000000003,1.127337171087443,-0.009586666666666611,1.3696116687992126,-3.9316733333333347,0.0,-4.954093333333334,0.0,2.766819999999997,0.0,3.708246666666665,0.0,-0.009586666666666611,1.3696116687992126,-0.39805333333333426,1.3388991109681234,-4.954093333333334,0.0,-6.196026666666669,0.0,3.708246666666665,0.0,5.392653333333332,0.0,5.0
0.0,0.0,1.4880733333333331,0.0,0.0,0.0,-0.9664466666666671,0.0,0.0,0.0,-0.7633266666666665,0.0,1.4880733333333331,0.0,2.901653333333333,0.0,-0.9664466666666671,0.0,-1.9712533333333349,0.0,-0.7633266666666665,0.0,-1.6177066666666664,0.0,2.901653333333333,0.0,4.286506666666666,0.0,-1.9712533333333349,0.0,-2.997820000000004,0.0,-1.6177066666666664,0.0,-2.4594733333333334,0.0,4.286506666666666,0.0,5.6735599999999975,0.0,-2.997820000000004,0.0,-4.0183266666666695,0.0,-2.4594733333333334,0.0,-3.3118999999999996,0.0,5.6735599999999975,0.0,7.012359999999996,0.0,-4.0183266666666695,0.0,-5.089873333333336,0.0,-3.3118999999999996,0.0,-4.18494,0.0,6.0
0.0,0.0,1.3731199999999995,0.0,0.0,0.0,-1.006573333333334,0.0,0.0,0.0,-0.9108999999999997,0.0,1.3731199999999995,0.0,2.7480066666666656,0.0,-1.006573333333334,0.0,-2.0305533333333337,0.0,-0.9108999999999997,0.0,-1.79644,0.0,2.7480066666666656,0.0,4.071826666666665,0.0,-2.0305533333333337,0.0,-3.122599999999999,0.0,-1.79644,0.0,-2.6658333333333335,0.0,4.071826666666665,0.0,5.392646666666664,0.0,-3.122599999999999,0.0,-4.2220266666666655,0.0,-2.6658333333333335,0.0,-3.522453333333333,0.0,5.392646666666664,0.0,6.7165866666666645,0.0,-4.2220266666666655,0.0,-5.3095799999999995,0.0,-3.522453333333333,0.0,-4.3898866666666665,0.0,6.0
0.0,0.0,1.2971266666666668,0.0,0.0,0.0,-1.0294333333333339,0.0,0.0,0.0,-0.9679733333333328,0.0,1.2971266666666668,0.0,2.5908733333333323,0.0,-1.0294333333333339,0.0,-2.0774466666666673,0.0,-0.9679733333333328,0.0,-1.923333333333333,0.0,2.5908733333333323,0.0,3.8787399999999987,0.0,-2.0774466666666673,0.0,-3.139440000000001,0.0,-1.923333333333333,0.0,-2.8735066666666653,0.0,3.8787399999999987,0.0,5.162553333333332,0.0,-3.139440000000001,0.0,-4.219560000000001,0.0,-2.8735066666666653,0.0,-3.8093933333333316,0.0,5.162553333333332,0.0,6.449253333333332,0.0,-4.219560000000001,0.0,-5.2751066666666695,0.0,-3.8093933333333316,0.0,-4.767139999999998,0.0,7.0
0.0,0.0,1.3451200000000005,0.0,0.0,0.0,-0.9968333333333338,0.0,0.0,0.0,-0.9322933333333322,0.0,1.3451200000000005,0.0,2.670973333333334,0.0,-0.9968333333333338,0.0,-2.028346666666667,0.0,-0.9322933333333322,0.0,-1.8578199999999978,0.0,2.670973333333334,0.0,3.963393333333333,0.0,-2.028346666666667,0.0,-3.1201666666666665,0.0,-1.8578199999999978,0.0,-2.7696199999999966,0.0,3.963393333333333,0.0,5.251339999999999,0.0,-3.1201666666666665,0.0,-4.189593333333334,0.0,-2.7696199999999966,0.0,-3.711653333333329,0.0,5.251339999999999,0.0,6.54875333333333,0.0,-4.189593333333334,0.0,-5.263533333333335,0.0,-3.711653333333329,0.0,-4.633806666666661,0.0,7.0
0.0,0.0,1.4554666666666674,0.0,0.0,0.0,-1.104593333333337,0.0,0.0,0.0,0.7988133333333343,0.0,1.4554666666666674,0.0,2.9172666666666704,0.0,-1.104593333333337,0.0,-2.210333333333343,0.0,0.7988133333333343,0.0,1.5808266666666684,0.0,2.9172666666666704,0.0,4.378113333333338,0.0,-2.210333333333343,0.0,-3.3182466666666777,0.0,1.5808266666666684,0.0,2.361266666666669,0.0,4.378113333333338,0.0,5.838920000000007,0.0,-3.3182466666666777,0.0,-4.4251533333333475,0.0,2.361266666666669,0.0,3.1434466666666694,0.0,5.838920000000007,0.0,7.211366666666674,0.0,-4.4251533333333475,0.0,-5.569693333333347,0.0,3.1434466666666694,0.0,4.060533333333335,0.0,8.0
0.0,0.0,1.3799066666666664,0.0,0.0,0.0,-1.1417199999999985,0.0,0.0,0.0,0.9115666666666659,0.0,1.3799066666666664,0.0,2.7623400000000013,0.0,-1.1417199999999985,0.0,-2.282226666666667,0.0,0.9115666666666659,0.0,1.8213466666666636,0.0,2.7623400000000013,0.0,4.143160000000003,0.0,-2.282226666666667,0.0,-3.4240266666666654,0.0,1.8213466666666636,0.0,2.731866666666662,0.0,4.143160000000003,0.0,5.51454666666667,0.0,-3.4240266666666654,0.0,-4.578193333333332,0.0,2.731866666666662,0.0,3.6415799999999945,0.0,5.51454666666667,0.0,6.879033333333338,0.0,-4.578193333333332,0.0,-5.732866666666665,0.0,3.6415799999999945,0.0,4.564599999999994,0.0,8.0
0.0,0.0,1.404106666666669,0.0,0.0,0.0,-0.933453333333332,0.0,0.0,0.0,-0.884926666666668,0.0,1.404106666666669,0.0,2.8384533333333337,0.0,-0.933453333333332,0.0,-1.8379866666666642,0.0,-0.884926666666668,0.0,-1.7301133333333347,0.0,2.8384533333333337,0.0,4.3222933333333335,0.0,-1.8379866666666642,0.0,-2.6943599999999983,0.0,-1.7301133333333347,0.0,-2.5865333333333362,0.0,4.3222933333333335,0.0,5.706053333333334,0.0,-2.6943599999999983,0.0,-3.5115266666666654,0.0,-2.5865333333333362,0.0,-3.560893333333337,0.0,5.706053333333334,0.0,7.195806666666669,0.0,-3.5115266666666654,0.0,-4.342633333333333,0.0,-3.560893333333337,0.0,-4.407200000000003,0.0,9.0
0.0,0.0,1.0182866666666672,1.1357286892236744,0.0,0.0,-1.4153933333333342,1.218782503385768,0.0,0.0,-0.7192799999999991,0.6434941228748702,1.0182866666666672,1.1357286892236744,1.7545400000000007,0.6314930601094834,-1.4153933333333342,1.218782503385768,-3.4576666666666673,0.0,-0.7192799999999991,0.6434941228748702,-0.5720666666666657,0.965935375627244,1.7545400000000007,0.6314930601094834,2.4900200000000003,0.0,-3.4576666666666673,0.0,-5.521793333333337,0.0,-0.5720666666666657,0.965935375627244,-0.42751999999999896,1.2500895630732622,2.4900200000000003,0.0,3.2442133333333336,0.0,-5.521793333333337,0.0,-7.623980000000001,0.0,-0.42751999999999896,1.2500895630732622,-0.2481933333333323,1.5013304466446995,3.2442133333333336,0.0,4.10932,0.0,-7.623980000000001,0.0,-9.745273333333335,0.0,-0.2481933333333323,1.5013304466446995,0.05265333333333421,1.6921047375307625,10.0
0.0,0.0,0.4741666666666659,0.0,0.0,0.0,0.43934000000000056,0.0,0.0,0.0,1.9586400000000015,0.0,0.4741666666666659,0.0,0.9630266666666656,0.0,0.43934000000000056,0.0,0.8379933333333338,0.0,1.9586400000000015,0.0,3.9231400000000045,0.0,0.9630266666666656,0.0,1.4610799999999988,0.0,0.8379933333333338,0.0,1.2107600000000005,0.0,3.9231400000000045,0.0,5.890753333333337,0.0,1.4610799999999988,0.0,1.963179999999999,0.0,1.2107600000000005,0.0,1.5734800000000002,0.0,5.890753333333337,0.0,7.859780000000005,0.0,1.963179999999999,0.0,2.4643466666666662,0.0,1.5734800000000002,0.0,1.9356733333333334,0.0,7.859780000000005,0.0,9.828920000000005,0.0,11.0
0.0,0.0,0.5014133333333337,0.0,0.0,0.0,0.36211333333333345,0.0,0.0,0.0,1.9693066666666652,0.0,0.5014133333333337,0.0,1.0048866666666674,0.0,0.36211333333333345,0.0,0.724373333333333,0.0,1.9693066666666652,0.0,3.93776,0.0,1.0048866666666674,0.0,1.5206066666666678,0.0,0.724373333333333,0.0,1.0890599999999995,0.0,3.93776,0.0,5.902213333333334,0.0,1.5206066666666678,0.0,2.044280000000002,0.0,1.0890599999999995,0.0,1.4375933333333326,0.0,5.902213333333334,0.0,7.868206666666671,0.0,2.044280000000002,0.0,2.5691200000000025,0.0,1.4375933333333326,0.0,1.7867866666666654,0.0,7.868206666666671,0.0,9.833780000000004,0.0,11.0
0.0,0.0,0.15040666666666686,0.20831603819038463,0.0,0.0,0.3146399999999997,0.502976259730366,0.0,0.0,-1.7735533333333349,0.0,0.15040666666666686,0.20831603819038463,0.3281866666666668,0.0,0.3146399999999997,0.502976259730366,0.6239399999999995,0.47381829312440954,-1.7735533333333349,0.0,-3.5327866666666705,0.0,0.3281866666666668,0.0,0.4178666666666668,0.0,0.6239399999999995,0.47381829312440954,0.6331933333333329,0.5766902987101473,-3.5327866666666705,0.0,-5.5642800000000046,0.0,0.4178666666666668,0.0,0.4896133333333334,0.0,0.6331933333333329,0.5766902987101473,0.515673333333333,0.7684321220054212,-5.5642800000000046,0.0,-7.49839333333334,0.0,0.4896133333333334,0.0,0.5130933333333333,0.0,0.515673333333333,0.7684321220054212,0.2311333333333329,0.9194035538622779,-7.49839333333334,0.0,-9.423906666666673,0.0,1.0
0.0,0.0,0.3519666666666672,0.0,0.0,0.0,-0.5697133333333326,0.934647371588345,0.0,0.0,-1.3290133333333358,0.0,0.3519666666666672,0.0,0.8009533333333351,0.0,-0.5697133333333326,0.934647371588345,-1.3591799999999974,0.599283555141552,-1.3290133333333358,0.0,-2.6063666666666676,0.0,0.8009533333333351,0.0,0.7360666666666682,0.0,-1.3591799999999974,0.599283555141552,-2.0903866666666615,0.0,-2.6063666666666676,0.0,-4.44862666666667,0.0,0.7360666666666682,0.0,0.6903600000000016,0.0,-2.0903866666666615,0.0,-2.3025133333333283,0.0,-4.44862666666667,0.0,-6.169466666666672,0.0,0.6903600000000016,0.0,0.5375533333333349,0.0,-2.3025133333333283,0.0,-3.0262533333333264,0.0,-6.169466666666672,0.0,-7.999646666666672,0.0,2.0
0.0,0.0,-0.22624000000000005,0.10577605062539433,0.0,0.0,1.2818866666666677,0.0,0.0,0.0,0.7321933333333344,0.8673104976213037,-0.22624000000000005,0.10577605062539433,-0.4064066666666669,0.0,1.2818866666666677,0.0,2.5848600000000017,0.0,0.7321933333333344,0.8673104976213037,1.466046666666667,0.5225400448566081,-0.4064066666666669,0.0,-0.4545600000000002,0.0,2.5848600000000017,0.0,3.84986,0.0,1.466046666666667,0.5225400448566081,2.8328199999999977,0.0,-0.4545600000000002,0.0,-0.4162333333333335,0.22132090997046883,3.84986,0.0,5.231293333333332,0.0,2.8328199999999977,0.0,3.4678733333333307,0.0,-0.4162333333333335,0.22132090997046883,-0.295566666666667,0.3787929684872612,5.231293333333332,0.0,6.676786666666666,0.0,3.4678733333333307,0.0,4.84597333333333,0.0,3.0
0.0,0.0,0.7741200000000014,0.33982192178181786,0.0,0.0,0.22715333333333362,0.6778568451417983,0.0,0.0,-1.1817466666666678,0.0,0.7741200000000014,0.33982192178181786,1.174493333333333,0.0,0.22715333333333362,0.6778568451417983,0.40703333333333397,0.8127123236601507,-1.1817466666666678,0.0,-2.7106466666666695,0.0,1.174493333333333,0.0,2.694186666666664,0.0,0.40703333333333397,0.8127123236601507,0.07796000000000045,1.0805811503771172,-2.7106466666666695,0.0,-3.5458666666666687,0.0,2.694186666666664,0.0,3.688893333333329,0.0,0.07796000000000045,1.0805811503771172,0.31398000000000065,1.255621857057076,-3.5458666666666687,0.0,-4.478913333333335,0.0,3.688893333333329,0.0,4.762586666666661,0.0,0.31398000000000065,1.255621857057076,-0.4987133333333344,1.3265579536978447,-4.478913333333335,0.0,-5.822826666666666,0.0,4.0
0.0,0.0,-0.20865333333333352,0.10506054417255954,0.0,0.0,1.10514,0.0,0.0,0.0,0.41610666666666635,1.0663011281661539,-0.20865333333333352,0.10506054417255954,-0.5081533333333336,0.0,1.10514,0.0,2.0769000000000015,0.0,0.41610666666666635,1.0663011281661539,1.3985466666666682,0.9285921767350358,-0.5081533333333336,0.0,-0.41475333333333375,0.0,2.0769000000000015,0.0,3.018926666666666,0.0,1.3985466666666682,0.9285921767350358,2.8835333333333346,0.0,-0.41475333333333375,0.0,-0.49398666666666696,0.0,3.018926666666666,0.0,4.058860000000001,0.0,2.8835333333333346,0.0,3.352013333333335,0.0,-0.49398666666666696,0.0,-0.7900800000000003,0.0,4.058860000000001,0.0,4.6867600000000005,0.0,3.352013333333335,0.0,5.310146666666671,0.0,5.0
0.0,0.0,-0.050979999999999956,0.1428318328777639,0.0,0.0,1.2454800000000004,0.0,0.0,0.0,-1.4508000000000008,0.0,-0.050979999999999956,0.1428318328777639,-0.07261999999999993,0.20066127825418642,1.2454800000000004,0.0,2.45176,0.0,-1.4508000000000008,0.0,-2.9240400000000006,0.0,-0.07261999999999993,0.20066127825418642,-0.08401333333333329,0.24434489835318937,2.45176,0.0,3.692946666666665,0.0,-2.9240400000000006,0.0,-4.391966666666667,0.0,-0.08401333333333329,0.24434489835318937,-0.09839999999999995,0.28149509752904384,3.692946666666665,0.0,4.9288133333333315,0.0,-4.391966666666667,0.0,-5.841466666666667,0.0,-0.09839999999999995,0.28149509752904384,-0.07652666666666658,0.321444196972566,4.9288133333333315,0.0,6.197853333333333,0.0,-5.841466666666667,0.0,-7.26536,0.0,6.0
0.0,0.0,0.003479999999999983,0.14336187468812606,0.0,0.0,1.252253333333334,0.0,0.0,0.0,-1.4290466666666668,0.0,0.003479999999999983,0.14336187468812606,-0.03702666666666666,0.18821018333134817,1.252253333333334,0.0,2.4884800000000005,0.0,-1.4290466666666668,0.0,-2.873953333333334,0.0,-0.03702666666666666,0.18821018333134817,-0.07420666666666663,0.22520732570805221,2.4884800000000005,0.0,3.737966666666667,0.0,-2.873953333333334,0.0,-4.3365,0.0,-0.07420666666666663,0.22520732570805221,-0.13077999999999998,0.23740297544824046,3.737966666666667,0.0,4.988119999999999,0.0,-4.3365,0.0,-5.7816600000000005,0.0,-0.13077999999999998,0.23740297544824046,-0.17089333333333329,0.2463744121494127,4.988119999999999,0.0,6.246613333333334,0.0,-5.7816600000000005,0.0,-7.223739999999999,0.0,6.0
0.0,0.0,-0.12978666666666663,0.0,0.0,0.0,1.3228933333333353,0.0,0.0,0.0,-1.3707999999999996,0.0,-0.12978666666666663,0.0,-0.3730866666666667,0.0,1.3228933333333353,0.0,2.88368666666667,0.0,-1.3707999999999996,0.0,-2.4127333333333323,0.0,-0.3730866666666667,0.0,-0.5683933333333334,0.0,2.88368666666667,0.0,4.596786666666673,0.0,-2.4127333333333323,0.0,-3.232873333333333,0.0,-0.5683933333333334,0.0,-0.6305800000000001,0.0,4.596786666666673,0.0,6.341760000000005,0.0,-3.232873333333333,0.0,-3.9679533333333334,0.0,-0.6305800000000001,0.0,-0.7799933333333334,0.0,6.341760000000005,0.0,8.15813333333334,0.0,-3.9679533333333334,0.0,-4.556920000000002,0.0,7.0
0.0,0.0,-0.15528000000000003,0.0,0.0,0.0,1.8055333333333328,0.0,0.0,0.0,-0.619246666666666,0.0,-0.15528000000000003,0.0,-0.3426533333333335,0.0,1.8055333333333328,0.0,3.588913333333333,0.0,-0.619246666666666,0.0,-1.2755866666666655,0.0,-0.3426533333333335,0.0,-0.55056,0.0,3.588913333333333,0.0,5.32392,0.0,-1.2755866666666655,0.0,-2.041766666666666,0.0,-0.55056,0.0,-0.7718866666666666,0.0,5.32392,0.0,7.049346666666667,0.0,-2.041766666666666,0.0,-2.8245666666666653,0.0,-0.7718866666666666,0.0,-1.1302466666666668,0.0,7.049346666666667,0.0,8.774006666666667,0.0,-2.8245666666666653,0.0,-3.582473333333332,0.0,7.0
0.0,0.0,-0.20892666666666673,0.0,0.0,0.0,1.8892466666666683,0.0,0.0,0.0,-0.28529333333333323,0.0,-0.20892666666666673,0.0,-0.6392600000000002,0.0,1.8892466666666683,0.0,3.736186666666669,0.0,-0.28529333333333323,0.0,-0.6668599999999999,0.0,-0.6392600000000002,0.0,-1.026066666666667,0.0,3.736186666666669,0.0,5.576140000000001,0.0,-0.6668599999999999,0.0,-1.0413266666666667,0.0,-1.026066666666667,0.0,-1.2701733333333334,0.0,5.576140000000001,0.0,7.474646666666669,0.0,-1.0413266666666667,0.0,-1.292153333333334,0.0,-1.2701733333333334,0.0,-1.5266800000000003,0.0,7.474646666666669,0.0,9.379259999999999,0.0,-1.292153333333334,0.0,-1.503233333333334,0.0,8.0
0.0,0.0,-0.2609333333333333,0.0,0.0,0.0,1.9033333333333329,0.0,0.0,0.0,-0.21379333333333336,0.0,-0.2609333333333333,0.0,-0.5251200000000001,0.0,1.9033333333333329,0.0,3.805600000000001,0.0,-0.21379333333333336,0.0,-0.4356200000000001,0.0,-0.5251200000000001,0.0,-0.8117866666666667,0.0,3.805600000000001,0.0,5.706000000000002,0.0,-0.4356200000000001,0.0,-0.6455800000000002,0.0,-0.8117866666666667,0.0,-1.1000400000000001,0.0,5.706000000000002,0.0,7.611966666666668,0.0,-0.6455800000000002,0.0,-0.8076333333333334,0.0,-1.1000400000000001,0.0,-1.4589200000000002,0.0,7.611966666666668,0.0,9.507893333333335,0.0,-0.8076333333333334,0.0,-0.9886466666666668,0.0,8.0
0.0,0.0,-0.04259333333333335,0.14062588268676485,0.0,0.0,1.2102400000000022,0.0,0.0,0.0,-1.4281066666666664,0.0,-0.04259333333333335,0.14062588268676485,-0.041913333333333316,0.18540548476450364,1.2102400000000022,0.0,2.4463666666666724,0.0,-1.4281066666666664,0.0,-2.841640000000001,0.0,-0.041913333333333316,0.18540548476450364,-0.08697333333333326,0.18718067023857443,2.4463666666666724,0.0,3.70960666666667,0.0,-2.841640000000001,0.0,-4.254233333333333,0.0,-0.08697333333333326,0.18718067023857443,-0.056659999999999947,0.25224263460289453,3.70960666666667,0.0,4.94334666666667,0.0,-4.254233333333333,0.0,-5.696813333333335,0.0,-0.056659999999999947,0.25224263460289453,-0.11308666666666657,0.23731422085147888,4.94334666666667,0.0,6.231473333333338,0.0,-5.696813333333335,0.0,-7.096699999999998,0.0,9.0
0.0,0.0,-0.10883999999999998,0.06279358749802781,0.0,0.0,1.2693533333333318,1.2461243710573917,0.0,0.0,-1.4896933333333344,0.7469813070683994,-0.10883999999999998,0.06279358749802781,-0.23189333333333317,0.0,1.2693533333333318,1.2461243710573917,2.5776066666666657,0.0,-1.4896933333333344,0.7469813070683994,-2.956106666666667,0.0,-0.23189333333333317,0.0,-0.27117999999999987,0.0,2.5776066666666657,0.0,3.944959999999998,0.0,-2.956106666666667,0.0,-4.329206666666667,0.0,-0.27117999999999987,0.0,-0.3458799999999998,0.0,3.944959999999998,0.0,5.399159999999998,0.0,-4.329206666666667,0.0,-5.658199999999999,0.0,-0.3458799999999998,0.0,-0.39756666666666646,0.0,5.399159999999998,0.0,6.762526666666666,0.0,-5.658199999999999,0.0,-7.106773333333331,0.0,10.0
0.0,0.0,0.29968000000000006,0.0,0.0,0.0,1.3583199999999984,0.0,0.0,0.0,1.4326733333333326,0.0,0.29968000000000006,0.0,0.6242066666666665,0.0,1.3583199999999984,0.0,2.6664799999999964,0.0,1.4326733333333326,0.0,2.917046666666667,0.0,0.6242066666666665,0.0,0.9468933333333335,0.0,2.6664799999999964,0.0,3.9745933333333294,0.0,2.917046666666667,0.0,4.404620000000001,0.0,0.9468933333333335,0.0,1.24714,0.0,3.9745933333333294,0.0,5.333639999999996,0.0,4.404620000000001,0.0,5.839260000000001,0.0,1.24714,0.0,1.5427733333333338,0.0,5.333639999999996,0.0,6.710966666666663,0.0,5.839260000000001,0.0,7.251373333333334,0.0,11.0
